time,temperature,wave_height_sig,wave_period_max,wave_height_max,wave_spread_avg,sea_surface_wave_mean_period
2023-08-01T00:18:00Z,17,0.76,8.53,1.21,35,5.33
2023-08-01T01:18:00Z,18,0.77,8.25,1.19,36,5.51
2023-08-01T02:18:00Z,18,0.67,8,1.1,39,5.2
2023-08-01T03:18:00Z,18,0.73,8.25,1.25,42,5.33
2023-08-01T04:18:00Z,17,0.7,8.25,1.09,38,5.35
2023-08-01T05:18:00Z,17,0.68,8.53,1.1,35,5.39
2023-08-01T06:18:00Z,17,0.64,8.25,0.97,35,5.35
2023-08-01T07:18:00Z,17,0.66,9.14,1.02,37,5.52
2023-08-01T08:18:00Z,16,0.61,8.53,1.09,43,5.07
2023-08-01T09:18:00Z,17,0.6,7.31,1.03,36,5.1
2023-08-01T10:18:00Z,20,0.63,7.31,1.03,35,5.61
2023-08-01T11:18:00Z,24,0.59,7.52,0.96,37,5.2
2023-08-01T12:18:00Z,24,0.61,8.53,0.95,41,5.37
2023-08-01T13:18:00Z,27,0.61,7.11,0.93,35,5.31
2023-08-01T14:18:00Z,25,0.61,8,0.99,36,5.15
2023-08-01T15:18:00Z,26,0.56,6.91,0.99,36,4.68
2023-08-01T16:18:00Z,27,0.55,6.4,0.94,40,4.65
2023-08-01T17:18:00Z,26,0.56,7.75,0.91,35,4.4
2023-08-01T18:18:00Z,27,0.6,7.75,1.03,37,3.72
2023-08-01T19:18:00Z,26,0.57,9.48,0.96,39,3.9
2023-08-01T20:18:00Z,26,0.6,11.63,0.97,35,4.97
2023-08-01T21:18:00Z,25,0.63,9.14,1.07,36,5.1
2023-08-01T22:18:00Z,22,0.79,10.66,1.29,35,5.05
2023-08-01T23:18:00Z,20,0.91,9.48,1.6,34,5.38
2023-08-02T00:18:00Z,19,0.88,10.23,1.38,35,5.7
2023-08-02T01:18:00Z,18,0.97,9.48,1.39,34,6.43
2023-08-02T02:18:00Z,18,0.97,8.82,1.4,35,6.47
2023-08-02T03:18:00Z,18,1.14,10.23,1.66,36,6.71
2023-08-02T04:18:00Z,17,0.9,9.14,1.39,37,6.13
2023-08-02T05:18:00Z,16,0.9,9.14,1.44,38,6.87
2023-08-02T06:18:00Z,16,0.9,9.14,1.46,36,6.76
2023-08-02T07:18:00Z,16,0.86,10.23,1.26,35,6.35
2023-08-02T08:18:00Z,15,0.87,9.48,1.3,34,6.58
2023-08-02T09:18:00Z,15,0.71,9.14,1.11,37,5.71
2023-08-02T10:18:00Z,20,0.77,10.23,1.25,35,6.24
2023-08-02T11:18:00Z,22,0.76,9.14,1.2,39,6.61
2023-08-02T12:18:00Z,25,0.76,9.14,1.22,38,6.45
2023-08-02T13:18:00Z,26,0.81,10.23,1.23,36,6.87
2023-08-02T14:18:00Z,29,0.76,9.84,1.25,38,6.6
2023-08-02T16:18:00Z,29,0.73,9.48,1.19,38,6.38
2023-08-02T17:18:00Z,30,0.74,8.53,1.09,38,6.59
2023-08-02T18:18:00Z,29,0.63,9.48,0.97,37,6.3
2023-08-02T19:18:00Z,29,0.64,8.25,1.05,37,6.42
2023-08-02T20:18:00Z,27,0.67,8.82,1.07,43,5.6
2023-08-02T21:18:00Z,26,0.68,8.53,1.15,40,5.06
2023-08-02T22:18:00Z,24,0.72,7.75,1.14,37,5.14
2023-08-02T23:18:00Z,21,0.66,7.75,1.21,37,5.19
2023-08-03T00:18:00Z,19,0.66,7.75,1.05,46,5.49
2023-08-03T02:18:00Z,17,0.75,8.53,1.31,38,5.95
2023-08-03T03:18:00Z,16,0.67,8,1.04,41,5.48
2023-08-03T04:18:00Z,16,0.68,8.25,1.04,36,5.43
2023-08-03T05:18:00Z,16,0.62,8.53,0.98,39,5.89
2023-08-03T06:18:00Z,16,0.56,8.53,0.92,41,5.54
2023-08-03T07:18:00Z,16,0.59,7.75,0.98,36,5.53
2023-08-03T08:18:00Z,15,0.58,7.52,0.93,38,5.93
2023-08-03T09:18:00Z,15,0.59,8.25,0.98,41,5.89
2023-08-03T10:18:00Z,19,0.56,11.63,0.87,39,5.98
2023-08-03T11:18:00Z,23,0.66,8,1.04,37,5.75
2023-08-03T12:18:00Z,27,0.61,11.13,0.96,37,5.54
2023-08-03T13:18:00Z,26,0.57,10.66,0.96,35,6.04
2023-08-03T14:18:00Z,26,0.54,6.91,0.89,38,5.66
2023-08-03T15:18:00Z,28,0.59,11.13,0.97,37,6.1
2023-08-03T16:18:00Z,29,0.58,10.66,0.97,39,6.36
2023-08-03T17:18:00Z,30,0.55,8,0.9,36,6.56
2023-08-03T18:18:00Z,30,0.57,11.13,1.01,36,6.7
2023-08-03T19:18:00Z,28,0.56,8.25,0.93,40,6.2
2023-08-03T20:18:00Z,28,0.57,10.23,0.94,41,5.93
2023-08-03T21:18:00Z,26,0.61,11.63,0.96,35,6.11
2023-08-03T22:18:00Z,24,0.55,8.25,0.83,36,5.79
2023-08-03T23:18:00Z,20,0.6,8.25,1.02,36,5.88
2023-08-04T00:18:00Z,18,0.61,10.66,1.02,37,6.38
2023-08-04T01:18:00Z,18,0.58,9.84,0.89,37,6.09
2023-08-04T02:18:00Z,17,0.7,11.13,1.22,36,6.47
2023-08-04T03:18:00Z,16,0.66,9.48,1.12,36,6.4
2023-08-04T04:18:00Z,16,0.59,9.48,0.99,41,5.76
2023-08-04T05:18:00Z,16,0.66,10.23,0.99,38,6.13
2023-08-04T06:18:00Z,16,0.65,11.63,1.18,37,6.08
2023-08-04T07:18:00Z,16,0.6,8.53,1.02,36,5.66
2023-08-04T08:18:00Z,17,0.63,12.19,0.96,37,5.6
2023-08-04T09:18:00Z,17,0.73,8.82,1.26,39,5.3
2023-08-04T10:18:00Z,20,0.69,9.84,1.1,39,4.89
2023-08-04T11:18:00Z,23,0.71,8.25,1.23,35,4.9
2023-08-04T12:18:00Z,23,0.76,11.63,1.3,39,4.91
2023-08-04T13:18:00Z,28,0.77,11.13,1.38,36,4.99
2023-08-04T14:18:00Z,30,0.83,8.82,1.31,35,5.26
2023-08-04T15:18:00Z,31,0.75,11.13,1.24,35,5.39
2023-08-04T16:18:00Z,31,0.87,9.14,1.38,37,5.37
2023-08-04T17:18:00Z,31,0.91,8.82,1.56,36,5.72
2023-08-04T18:18:00Z,32,0.85,11.13,1.39,34,5.17
2023-08-04T19:18:00Z,33,0.8,10.66,1.42,39,5
2023-08-04T20:18:00Z,32,0.75,8,1.28,39,4.92
2023-08-04T21:18:00Z,28,0.77,10.66,1.48,37,4.92
2023-08-04T23:18:00Z,21,0.78,10.23,1.21,36,5.19
2023-08-05T00:18:00Z,20,0.91,10.66,1.46,37,5.15
2023-08-05T01:18:00Z,20,0.94,9.14,1.53,37,4.86
2023-08-05T02:18:00Z,20,1.01,7.75,1.77,37,4.62
2023-08-05T03:18:00Z,21,1.1,9.14,1.93,37,4.84
2023-08-05T04:18:00Z,21,1.07,9.48,1.77,36,5.04
2023-08-05T05:18:00Z,21,1.1,9.48,1.77,36,4.92
2023-08-05T06:18:00Z,21,1.22,8.82,2.08,37,4.59
2023-08-05T07:18:00Z,21,1.27,9.84,2.06,36,4.47
2023-08-05T08:18:00Z,21,1.43,5.33,2.49,39,4.54
2023-08-05T09:18:00Z,20,1.51,5.81,2.48,37,4.63
2023-08-05T10:18:00Z,19,1.6,5.95,2.71,39,4.91
2023-08-05T11:18:00Z,19,1.64,5.95,3.01,42,4.9
2023-08-05T12:18:00Z,19,1.81,5.95,2.93,37,5.19
2023-08-05T13:18:00Z,23,2.03,6.56,3.63,37,5.04
2023-08-05T14:18:00Z,23,2.03,6.4,3.33,39,4.92
2023-08-05T15:18:00Z,25,2.07,6.73,3.47,38,5.06
2023-08-05T16:18:00Z,27,2.07,6.73,3.41,36,5.2
2023-08-05T17:18:00Z,25,1.83,6.4,3.11,38,5.04
2023-08-05T18:18:00Z,25,1.77,6.56,3.01,36,5.16
2023-08-05T19:18:00Z,22,1.72,7.11,2.84,38,5.06
2023-08-05T20:18:00Z,26,1.71,6.24,2.84,37,5.37
2023-08-05T21:18:00Z,26,1.43,6.73,2.31,40,4.99
2023-08-05T22:18:00Z,24,1.61,6.4,2.47,39,5.38
2023-08-05T23:18:00Z,20,1.56,6.56,2.64,35,5.43
2023-08-06T00:18:00Z,19,1.33,6.73,2.18,38,5.04
2023-08-06T01:18:00Z,20,1.48,8,2.66,39,5.37
2023-08-06T02:18:00Z,20,1.24,6.56,2.05,40,4.83
2023-08-06T03:18:00Z,19,1.4,7.31,2.42,40,5.25
2023-08-06T04:18:00Z,19,1.48,7.11,2.27,38,5.39
2023-08-06T05:18:00Z,19,1.4,6.56,2.54,36,5.31
2023-08-06T06:18:00Z,19,1.39,8.53,2.42,36,5.22
2023-08-06T07:18:00Z,19,1.27,8,2.13,37,5.31
2023-08-06T08:18:00Z,19,1.11,5.81,1.69,37,5.11
2023-08-06T09:18:00Z,19,1.21,7.52,2.23,39,5.13
2023-08-06T10:18:00Z,19,1.03,8.53,1.62,41,4.84
2023-08-06T11:18:00Z,20,0.97,8.25,1.55,37,4.91
2023-08-06T13:18:00Z,23,0.88,8.25,1.47,45,4.89
2023-08-06T14:18:00Z,30,0.86,7.11,1.41,36,5.56
2023-08-06T15:18:00Z,27,0.82,8,1.42,37,5.38
2023-08-06T16:18:00Z,29,1,8,1.63,38,5.3
2023-08-06T17:18:00Z,29,0.85,9.14,1.33,35,5.13
2023-08-06T18:18:00Z,28,0.95,7.31,1.48,36,4.66
2023-08-06T19:18:00Z,27,0.97,8,1.66,38,4.58
2023-08-06T20:18:00Z,27,0.99,8,1.67,42,4.47
2023-08-06T21:18:00Z,25,0.97,7.75,1.67,40,4.75
2023-08-06T22:18:00Z,24,1.02,6.73,1.78,36,4.94
2023-08-06T23:18:00Z,22,0.96,8,1.74,38,5.03
2023-08-07T00:18:00Z,22,0.89,8.53,1.51,36,5.01
2023-08-07T01:18:00Z,22,0.84,8,1.4,36,4.84
2023-08-07T02:18:00Z,21,0.86,8,1.39,40,5.26
2023-08-07T03:18:00Z,21,0.73,7.52,1.19,36,5.18
2023-08-07T04:18:00Z,20,0.73,8.53,1.16,38,5.6
2023-08-07T05:18:00Z,20,0.62,8.53,0.96,37,5.3
2023-08-07T06:18:00Z,19,0.63,7.75,0.99,36,5.49
2023-08-07T07:18:00Z,19,0.72,7.75,1.25,38,6.2
2023-08-07T08:18:00Z,19,0.68,8.25,1.16,36,5.53
2023-08-07T09:18:00Z,19,0.68,8.82,1.1,38,5.48
2023-08-07T10:18:00Z,22,0.75,8.53,1.19,41,5.83
2023-08-07T11:18:00Z,25,0.8,8.53,1.15,39,6.02
2023-08-07T12:18:00Z,28,0.9,7.52,1.4,39,6.35
2023-08-07T13:18:00Z,29,0.83,7.75,1.31,39,5.84
2023-08-07T14:18:00Z,27,0.85,7.11,1.28,40,5.89
2023-08-07T15:18:00Z,28,0.85,6.56,1.49,41,5.82
2023-08-07T16:18:00Z,25,0.87,8.82,1.35,38,5.65
2023-08-07T17:18:00Z,24,0.76,6.73,1.37,37,5.34
2023-08-07T18:18:00Z,24,0.82,8.53,1.36,43,5.6
2023-08-07T19:18:00Z,24,0.82,7.52,1.33,39,5.67
2023-08-07T20:18:00Z,24,0.72,8.53,1.17,39,5.17
2023-08-07T21:18:00Z,25,0.69,8.53,1.13,42,5.03
2023-08-07T22:18:00Z,23,0.63,7.52,1.08,44,5.37
2023-08-07T23:18:00Z,22,0.62,8,1.02,40,5.53
2023-08-08T00:18:00Z,21,0.53,7.75,0.83,43,6.09
2023-08-08T01:18:00Z,21,0.54,8.25,0.88,43,5.36
2023-08-08T02:18:00Z,20,0.55,6.91,0.92,41,5.18
2023-08-08T03:18:00Z,20,0.58,7.31,0.91,38,5.22
2023-08-08T04:18:00Z,20,0.66,9.14,1.03,38,5.34
2023-08-08T05:18:00Z,20,0.63,9.48,1.09,38,5.19
2023-08-08T06:18:00Z,19,0.6,8,0.94,39,5.7
2023-08-08T07:18:00Z,19,0.78,8.53,1.32,36,6.68
2023-08-08T08:18:00Z,19,0.81,8.25,1.22,37,6.36
2023-08-08T09:18:00Z,19,0.88,8.53,1.41,38,6.11
2023-08-08T11:18:00Z,22,0.81,7.75,1.31,38,5.56
2023-08-08T12:18:00Z,22,0.71,8.25,1.19,45,4.76
2023-08-08T13:18:00Z,23,0.85,8.25,1.31,40,5.25
2023-08-08T14:18:00Z,27,0.82,9.48,1.32,37,4.77
2023-08-08T15:18:00Z,30,0.79,9.14,1.35,39,4.61
2023-08-08T16:18:00Z,30,0.9,9.14,1.4,39,4.69
2023-08-08T17:18:00Z,28,0.81,9.84,1.39,37,4.44
2023-08-08T18:18:00Z,28,0.83,8.53,1.37,39,4.66
2023-08-08T19:18:00Z,29,0.8,8.25,1.39,39,4.75
2023-08-08T20:18:00Z,25,0.77,8,1.21,38,4.79
2023-08-08T21:18:00Z,23,0.77,8.25,1.28,43,4.49
2023-08-08T22:18:00Z,22,0.87,8.82,1.54,37,4.48
2023-08-08T23:18:00Z,22,0.86,8,1.44,41,4.55
2023-08-09T00:18:00Z,22,0.97,7.75,1.66,36,4.31
2023-08-09T01:18:00Z,22,0.99,7.52,1.71,39,4
2023-08-09T02:18:00Z,22,1.08,7.31,1.9,36,3.79
2023-08-09T03:18:00Z,22,1.17,3.87,2.12,37,3.71
2023-08-09T04:18:00Z,22,1.31,3.93,2.29,35,3.95
2023-08-09T05:18:00Z,22,1.53,5.11,2.71,38,4.12
2023-08-09T06:18:00Z,22,1.88,5.33,3.05,42,4.55
2023-08-09T07:18:00Z,22,1.87,5.81,3,38,4.51
2023-08-09T08:18:00Z,22,2.36,6.56,3.6,36,5.03
2023-08-09T09:18:00Z,22,2.47,6.91,3.88,36,5.29
2023-08-09T10:18:00Z,22,2.81,7.31,4.45,40,5.32
2023-08-09T11:18:00Z,22,2.63,7.52,3.92,40,5.65
2023-08-09T12:18:00Z,22,2.57,7.75,4.28,40,5.65
2023-08-09T13:18:00Z,22,2.3,7.75,3.35,35,5.69
2023-08-09T14:18:00Z,25,2.29,7.52,3.57,39,5.68
2023-08-09T15:18:00Z,23,2.21,7.52,3.52,36,5.93
2023-08-09T16:18:00Z,23,2.2,8.25,3.38,38,5.66
2023-08-09T17:18:00Z,21,2.26,7.75,3.37,41,6
2023-08-09T18:18:00Z,22,1.94,8,3.2,38,5.55
2023-08-09T19:18:00Z,22,1.96,7.52,3.32,39,5.45
2023-08-09T20:18:00Z,21,1.99,6.91,3.55,37,5.28
2023-08-09T21:18:00Z,23,2.1,7.52,3.26,36,5.79
2023-08-09T22:18:00Z,22,2.01,8,3.06,38,5.79
2023-08-09T23:18:00Z,22,2.05,7.31,3.03,39,5.82
2023-08-10T00:18:00Z,21,2.15,8.82,3.63,38,6.05
2023-08-10T01:18:00Z,21,2.15,8.25,3.3,38,6.16
2023-08-10T02:18:00Z,21,2.03,8.53,3.18,36,6
2023-08-10T03:18:00Z,21,1.74,7.52,2.68,38,5.64
2023-08-10T04:18:00Z,21,1.61,8.82,2.55,38,5.59
2023-08-10T05:18:00Z,21,1.72,8.25,2.75,37,6.15
2023-08-10T06:18:00Z,21,1.59,7.75,2.52,37,5.75
2023-08-10T07:18:00Z,21,1.4,8,2.08,37,5.52
2023-08-10T08:18:00Z,21,1.49,8.53,2.48,36,5.81
2023-08-10T09:18:00Z,20,1.51,7.75,2.25,39,5.7
2023-08-10T10:18:00Z,22,1.31,8.53,2.08,43,5.72
2023-08-10T11:18:00Z,22,1.42,8,2.2,37,5.8
2023-08-10T12:18:00Z,24,1.29,7.52,2.18,42,5.74
2023-08-10T13:18:00Z,27,1.25,7.75,2.11,41,5.46
2023-08-10T14:18:00Z,29,1.28,8,2,39,5.51
2023-08-10T15:18:00Z,30,1.22,8.53,2.09,37,5.11
2023-08-10T16:18:00Z,30,1.24,7.75,1.96,38,5.1
2023-08-10T17:18:00Z,31,1.23,8,1.93,38,5.26
2023-08-10T18:18:00Z,32,1.06,8.82,1.91,44,5.01
2023-08-10T19:18:00Z,33,1.18,8,2.04,43,5.16
2023-08-10T20:18:00Z,32,1.11,8.25,1.87,43,4.99
2023-08-10T21:18:00Z,29,1.02,8.25,1.64,38,4.9
2023-08-10T22:18:00Z,28,1.09,8.25,1.83,38,5.36
2023-08-10T23:18:00Z,24,0.92,7.11,1.55,37,5.38
2023-08-11T00:18:00Z,23,0.86,8.25,1.39,46,4.91
2023-08-11T01:18:00Z,22,0.9,8.53,1.53,42,5.47
2023-08-11T02:18:00Z,20,0.9,8.53,1.57,40,5.37
2023-08-11T03:18:00Z,20,0.87,8.53,1.37,44,5.64
2023-08-11T04:18:00Z,20,0.79,8.25,1.32,41,5.17
2023-08-11T05:18:00Z,20,0.92,8.25,1.45,42,5.47
2023-08-11T06:18:00Z,20,0.85,8,1.38,41,4.89
2023-08-11T07:18:00Z,19,0.89,8,1.42,40,5.09
2023-08-11T08:18:00Z,19,0.84,8.25,1.32,40,4.58
2023-08-11T09:18:00Z,20,0.93,8,1.53,41,4.81
2023-08-11T10:18:00Z,21,0.89,8.25,1.55,38,4.98
2023-08-11T11:18:00Z,22,0.87,8,1.5,40,4.93
2023-08-11T12:18:00Z,22,0.95,8.82,1.63,46,4.2
2023-08-11T13:18:00Z,22,1.03,7.52,1.67,41,4.02
2023-08-11T14:18:00Z,24,1.02,8.53,1.79,42,4.53
2023-08-11T15:18:00Z,23,0.88,8.53,1.45,44,4.36
2023-08-11T16:18:00Z,23,0.97,8.25,1.95,45,4.12
2023-08-11T17:18:00Z,22,0.99,8.25,1.71,43,4.2
2023-08-11T18:18:00Z,23,1.01,4.41,1.75,40,4.08
2023-08-11T19:18:00Z,23,1.05,4.41,1.91,43,4.22
2023-08-11T20:18:00Z,24,0.93,7.75,1.5,41,4.4
2023-08-11T21:18:00Z,25,1.01,4.49,1.81,43,4.3
2023-08-11T22:18:00Z,25,0.94,5.11,1.48,43,4.44
2023-08-11T23:18:00Z,22,0.95,5.01,1.53,42,4.55
2023-08-12T00:18:00Z,22,0.99,5.11,1.62,41,4.89
2023-08-12T01:18:00Z,21,1.01,5.33,1.51,39,4.88
2023-08-12T02:18:00Z,20,1.03,6.56,1.69,36,4.54
2023-08-12T03:18:00Z,20,1.01,6.24,1.71,39,4.5
2023-08-12T04:18:00Z,20,1.23,6.73,1.96,36,4.71
2023-08-12T05:18:00Z,19,1.25,6.24,2.05,35,4.52
2023-08-12T06:18:00Z,19,1.04,6.91,1.7,35,4.71
2023-08-12T07:18:00Z,19,1.1,6.91,1.85,35,4.83
2023-08-12T08:18:00Z,18,0.98,7.11,1.64,37,4.63
2023-08-12T09:18:00Z,19,1.05,6.4,1.57,36,5.07
2023-08-12T10:18:00Z,21,1,6.4,1.63,36,4.84
2023-08-12T11:18:00Z,24,1.04,6.56,1.77,35,4.48
2023-08-12T12:18:00Z,26,1.12,6.91,1.89,35,4.99
2023-08-12T13:18:00Z,27,1.01,6.91,1.71,38,4.99
2023-08-12T14:18:00Z,27,1.08,6.73,1.66,35,5.12
2023-08-12T15:18:00Z,27,1.12,8.82,1.85,36,5.29
2023-08-12T16:18:00Z,28,1.12,8.53,1.86,36,5.27
2023-08-12T17:18:00Z,28,1.16,6.4,1.91,34,5.01
2023-08-12T18:18:00Z,28,1.13,8.82,1.86,38,4.91
2023-08-12T19:18:00Z,27,1.15,8.53,2.14,34,5.07
2023-08-12T20:18:00Z,26,1.16,8.82,1.76,36,5.34
2023-08-12T21:18:00Z,25,1.19,8.25,1.93,36,5.07
2023-08-12T22:18:00Z,24,1.08,8,1.72,36,4.69
2023-08-12T23:18:00Z,21,1.12,8.82,1.88,36,4.79
2023-08-13T00:18:00Z,20,1.02,7.75,1.69,37,4.63
2023-08-13T01:18:00Z,19,0.88,7.52,1.54,36,4.92
2023-08-13T02:18:00Z,19,0.93,6.56,1.49,36,5.13
2023-08-13T03:18:00Z,19,0.98,8.53,1.58,36,5.25
2023-08-13T04:18:00Z,18,0.82,8.25,1.39,35,5.12
2023-08-13T05:18:00Z,18,0.86,8.25,1.3,37,5.1
2023-08-13T06:18:00Z,17,0.81,8.82,1.33,35,5.14
2023-08-13T07:18:00Z,17,0.9,7.75,1.34,35,5
2023-08-13T08:18:00Z,17,0.86,8.53,1.36,36,5.09
2023-08-13T09:18:00Z,17,0.89,7.11,1.46,38,5.13
2023-08-13T10:18:00Z,19,0.88,8,1.52,36,4.75
2023-08-13T11:18:00Z,20,0.96,7.52,1.56,36,5.03
2023-08-13T12:18:00Z,22,0.86,8.53,1.4,38,4.83
2023-08-13T13:18:00Z,23,0.85,8.25,1.4,36,4.99
2023-08-13T14:18:00Z,27,0.76,8.82,1.35,39,4.84
2023-08-13T15:18:00Z,28,0.72,8.25,1.2,37,4.72
2023-08-13T16:18:00Z,27,0.7,8.53,1.17,39,4.94
2023-08-13T17:18:00Z,26,0.63,8.25,1.05,38,5.16
2023-08-13T18:18:00Z,23,0.63,8,1.07,39,5.31
2023-08-13T19:18:00Z,23,0.62,8.25,1.02,39,5.38
2023-08-13T20:18:00Z,23,0.68,6.4,1.13,38,5.39
2023-08-13T21:18:00Z,23,0.67,7.31,1.11,37,5.53
2023-08-13T22:18:00Z,21,0.69,7.11,1.18,41,5.3
2023-08-13T23:18:00Z,21,0.68,7.52,1.13,37,5.34
2023-08-14T00:18:00Z,21,0.72,5.95,1.23,37,5.27
2023-08-14T01:18:00Z,20,0.72,6.73,1.15,38,5.34
2023-08-14T02:18:00Z,21,0.67,7.75,1.18,40,5
2023-08-14T03:18:00Z,20,0.65,8,1.04,43,4.72
2023-08-14T04:18:00Z,21,0.63,8.53,1.02,37,4.89
2023-08-14T05:18:00Z,20,0.63,7.11,1.08,39,4.31
2023-08-14T06:18:00Z,20,0.57,11.13,0.93,36,4.85
2023-08-14T07:18:00Z,21,0.64,10.66,1.05,38,3.61
2023-08-14T08:18:00Z,21,0.81,2.63,1.34,36,3.41
2023-08-14T09:18:00Z,21,0.76,3.32,1.41,38,3.53
2023-08-14T10:18:00Z,22,0.76,10.66,1.37,35,3.59
2023-08-14T12:18:00Z,23,0.68,3.65,1.22,44,3.87
2023-08-14T13:18:00Z,24,0.64,9.48,1.1,39,4.02
2023-08-14T14:18:00Z,28,0.61,7.11,1.05,41,4.39
2023-08-14T15:18:00Z,28,0.57,6.4,1.03,36,4.46
2023-08-14T16:18:00Z,26,0.59,6.4,1.01,37,4.61
2023-08-14T17:18:00Z,30,0.65,5.81,1.1,38,4.62
2023-08-14T18:18:00Z,28,0.77,6.56,1.35,35,4.67
2023-08-14T19:18:00Z,28,0.8,6.24,1.32,36,4.45
2023-08-14T20:18:00Z,28,0.75,6.4,1.24,38,4.62
2023-08-14T21:18:00Z,26,0.87,5.68,1.5,40,4.13
2023-08-14T22:18:00Z,24,0.87,5.44,1.41,37,4.32
2023-08-14T23:18:00Z,21,0.88,6.56,1.52,37,4.4
2023-08-15T00:18:00Z,20,0.94,5.22,1.61,38,4.55
2023-08-15T01:18:00Z,20,0.91,6.4,1.63,36,4.84
2023-08-15T02:18:00Z,20,0.95,7.31,1.58,35,4.98
2023-08-15T03:18:00Z,21,0.97,6.24,1.56,35,4.97
2023-08-15T04:18:00Z,20,0.98,6.73,1.58,37,5.12
2023-08-15T05:18:00Z,20,0.92,8,1.6,36,5.01
2023-08-15T06:18:00Z,19,0.88,7.75,1.51,37,5.03
2023-08-15T07:18:00Z,19,0.91,7.52,1.53,38,5.06
2023-08-15T08:18:00Z,19,0.89,7.11,1.45,37,4.85
2023-08-15T09:18:00Z,18,0.89,7.52,1.41,40,5.04
2023-08-15T10:18:00Z,19,0.85,7.11,1.34,36,5.14
2023-08-15T11:18:00Z,22,0.91,7.11,1.48,36,5.45
2023-08-15T12:18:00Z,26,0.93,6.91,1.5,35,5.21
2023-08-15T13:18:00Z,25,0.93,6.91,1.57,36,5.07
2023-08-15T14:18:00Z,22,0.96,7.52,1.56,36,4.99
2023-08-15T15:18:00Z,22,1.01,7.11,1.72,35,5.11
2023-08-15T16:18:00Z,21,0.93,7.75,1.59,37,5.12
2023-08-15T17:18:00Z,22,0.9,7.52,1.52,38,4.62
2023-08-15T18:18:00Z,22,0.87,7.31,1.45,36,4.51
2023-08-15T19:18:00Z,21,0.85,7.52,1.44,38,4.8
2023-08-15T20:18:00Z,21,0.74,6.91,1.15,36,4.47
2023-08-15T21:18:00Z,21,0.68,7.52,1.18,36,4.46
2023-08-15T22:18:00Z,20,0.7,6.4,1.23,37,4.58
2023-08-15T23:18:00Z,20,0.68,7.52,1.18,38,4.64
2023-08-16T00:18:00Z,19,0.6,6.73,1.01,38,4.75
2023-08-16T01:18:00Z,19,0.65,6.73,1.14,35,5.15
2023-08-16T02:18:00Z,20,0.57,6.73,0.98,36,5.22
2023-08-16T03:18:00Z,20,0.56,6.73,0.93,37,5.07
2023-08-16T04:18:00Z,20,0.61,6.91,1.09,37,5.2
2023-08-16T05:18:00Z,19,0.63,5.95,1.02,36,5.23
2023-08-16T06:18:00Z,20,0.58,15.05,0.92,36,5.29
2023-08-16T07:18:00Z,20,0.61,5.95,0.98,42,5
2023-08-16T08:18:00Z,20,0.62,6.24,1.05,38,5.13
2023-08-16T09:18:00Z,19,0.58,6.4,0.91,39,4.86
2023-08-16T10:18:00Z,20,0.51,6.56,0.83,39,4.82
2023-08-16T11:18:00Z,20,0.56,6.09,1,39,4.68
2023-08-16T12:18:00Z,22,0.51,5.81,0.85,40,4.61
2023-08-16T13:18:00Z,24,0.54,16,0.98,36,4.71
2023-08-16T14:18:00Z,23,0.53,6.09,0.89,40,4.21
2023-08-16T15:18:00Z,24,0.56,16,0.98,38,4.06
2023-08-16T16:18:00Z,24,0.7,6.56,1.22,37,3.89
2023-08-16T17:18:00Z,27,0.72,6.56,1.19,37,3.91
2023-08-16T18:18:00Z,26,0.72,6.56,1.22,37,3.95
2023-08-16T19:18:00Z,25,0.75,6.24,1.28,37,4
2023-08-16T20:18:00Z,26,0.75,6.4,1.27,37,4.11
2023-08-16T21:18:00Z,24,0.82,6.56,1.45,35,4.37
2023-08-16T21:18:00Z,24,0.82,6.56,1.45,35,4.37
2023-08-16T22:18:00Z,22,0.78,6.73,1.4,39,4.31
2023-08-16T23:18:00Z,22,0.78,6.73,1.34,37,4.31
2023-08-17T00:18:00Z,21,0.84,6.73,1.31,37,4.4
2023-08-17T01:18:00Z,21,0.81,7.31,1.47,37,4.75
2023-08-17T02:18:00Z,21,0.85,6.91,1.43,37,4.63
2023-08-17T03:18:00Z,21,0.82,7.31,1.46,36,4.62
2023-08-17T04:18:00Z,21,0.77,8,1.23,41,4.49
2023-08-17T05:18:00Z,21,0.77,8,1.39,36,4.73
2023-08-17T06:18:00Z,21,0.77,7.31,1.34,39,4.59
2023-08-17T07:18:00Z,20,0.72,7.31,1.35,38,4.29
2023-08-17T08:18:00Z,21,0.74,6.91,1.35,36,4.6
2023-08-17T09:18:00Z,21,0.77,7.11,1.32,37,4.35
2023-08-17T11:18:00Z,21,0.76,7.31,1.29,36,3.99
2023-08-17T12:18:00Z,24,0.84,7.75,1.33,37,4.03
2023-08-17T13:18:00Z,27,0.81,7.11,1.37,38,4.01
2023-08-17T14:18:00Z,29,0.86,7.31,1.49,39,3.85
2023-08-17T15:18:00Z,28,0.89,6.56,1.52,36,4.05
2023-08-17T16:18:00Z,29,0.91,6.73,1.53,39,4.02
2023-08-17T17:18:00Z,30,0.91,6.4,1.58,36,3.88
2023-08-17T18:18:00Z,28,0.89,7.11,1.57,39,3.97
2023-08-17T19:18:00Z,25,0.83,4.41,1.48,42,3.88
2023-08-17T20:18:00Z,25,0.89,4,1.45,42,4.08
2023-08-17T21:18:00Z,23,0.89,4.41,1.62,39,3.97
2023-08-17T22:18:00Z,22,0.9,3.76,1.65,41,4.01
2023-08-17T23:18:00Z,22,0.89,8.53,1.48,38,4.2
2023-08-18T00:18:00Z,22,0.94,4.92,1.62,44,4.03
2023-08-18T01:18:00Z,21,0.96,7.75,1.7,36,3.97
2023-08-18T02:18:00Z,21,0.97,8.25,1.67,36,3.97
2023-08-18T03:18:00Z,22,1.02,8,1.65,36,4.13
2023-08-18T04:18:00Z,22,1.01,4.92,1.81,45,4.15
2023-08-18T05:18:00Z,21,1.06,5.44,1.89,40,4.05
2023-08-18T06:18:00Z,21,1.01,5.11,1.73,39,4.07
2023-08-18T07:18:00Z,21,0.98,4.19,1.53,37,4.05
2023-08-18T08:18:00Z,21,0.97,3.82,1.65,40,4
2023-08-18T09:18:00Z,22,0.88,5.33,1.49,42,4.1
2023-08-18T10:18:00Z,22,0.89,5.11,1.53,39,4.08
2023-08-18T11:18:00Z,22,0.85,5.33,1.46,37,3.95
2023-08-18T12:18:00Z,22,0.93,9.14,1.71,38,3.91
2023-08-18T13:18:00Z,23,1.04,8.53,1.75,37,3.88
2023-08-18T14:18:00Z,24,0.92,5.68,1.68,43,3.92
2023-08-18T15:18:00Z,25,0.9,3.87,1.42,43,4.01
2023-08-18T16:18:00Z,26,0.91,5.11,1.58,42,4.26
2023-08-18T17:18:00Z,26,1.05,7.75,1.82,39,4.27
2023-08-18T18:18:00Z,25,1.1,4.92,1.92,41,4.13
2023-08-18T19:18:00Z,25,1.04,4.83,1.76,44,4.09
2023-08-18T20:18:00Z,25,0.98,4.41,1.75,45,4.09
2023-08-18T21:18:00Z,23,1.06,4.12,1.69,40,4.13
2023-08-18T22:18:00Z,23,1.04,4.92,1.89,43,3.86
2023-08-18T23:18:00Z,23,1.04,4.92,1.78,42,4.08
2023-08-19T00:18:00Z,23,1.04,5.44,1.75,44,4.09
2023-08-19T01:18:00Z,23,1.12,5.22,1.93,44,4.07
2023-08-19T02:18:00Z,23,1.27,5.11,2.05,40,4.13
2023-08-19T03:18:00Z,23,1.34,5.33,2.35,37,4
2023-08-19T04:18:00Z,23,1.9,5.68,3.15,38,4.61
2023-08-19T05:18:00Z,23,1.68,6.24,3.16,39,4.34
2023-08-19T06:18:00Z,22,1.47,6.73,2.59,37,4.48
2023-08-19T07:18:00Z,22,1.43,6.56,2.48,36,4.68
2023-08-19T08:18:00Z,22,1.27,6.91,2.24,35,4.63
2023-08-19T09:18:00Z,22,1.17,6.4,2.05,38,4.62
2023-08-19T10:18:00Z,21,1.26,6.4,2.2,37,4.55
2023-08-19T11:18:00Z,21,1.28,6.24,2.24,40,4.45
2023-08-19T12:18:00Z,22,1.34,6.4,2.28,39,4.29
2023-08-19T13:18:00Z,23,1.31,6.91,2.27,37,4.46
2023-08-19T14:18:00Z,22,1.22,6.91,1.98,37,4.39
2023-08-19T15:18:00Z,26,1.14,6.4,2.02,38,4.46
2023-08-19T16:18:00Z,29,1.21,8.25,2.21,34,4.83
2023-08-19T17:18:00Z,30,1.22,7.31,1.96,37,4.92
2023-08-19T18:18:00Z,29,1.21,8,2.18,35,4.61
2023-08-19T19:18:00Z,28,1.49,6.73,2.44,37,4.9
2023-08-19T20:18:00Z,27,1.44,5.01,2.28,39,4.52
2023-08-19T21:18:00Z,25,1.47,6.09,2.51,38,4.55
2023-08-19T22:18:00Z,24,1.53,9.14,2.8,35,4.62
2023-08-19T23:18:00Z,21,1.27,9.84,2.01,35,4.51
2023-08-20T00:18:00Z,21,1.21,9.48,2.06,34,4.69
2023-08-20T01:18:00Z,21,1.36,8.82,2.25,36,4.53
2023-08-20T02:18:00Z,20,1.28,9.14,2.2,35,4.61
2023-08-20T03:18:00Z,20,1.26,11.13,2.07,36,4.92
2023-08-20T04:18:00Z,20,1.13,10.23,1.78,36,5.06
2023-08-20T05:18:00Z,20,1.1,10.66,1.81,35,4.96
2023-08-20T06:18:00Z,20,1.07,8.25,1.85,36,4.98
2023-08-20T07:18:00Z,20,1.1,10.23,1.78,34,5.02
2023-08-20T08:18:00Z,20,1.09,9.84,1.92,35,4.94
2023-08-20T09:18:00Z,20,1,6.73,1.78,37,4.81
2023-08-20T10:18:00Z,21,1.05,9.84,1.75,35,4.57
2023-08-20T11:18:00Z,22,1.13,6.73,1.82,38,4.62
2023-08-20T12:18:00Z,22,1.05,8.53,1.79,37,4.49
2023-08-20T13:18:00Z,24,1.14,9.14,2.07,37,4.32
2023-08-20T14:18:00Z,26,1.09,7.31,1.89,37,4.31
2023-08-20T15:18:00Z,28,1.22,6.4,2.02,38,4.54
2023-08-20T16:18:00Z,28,1.1,5.22,1.93,41,4.31
2023-08-20T17:18:00Z,28,1.09,5.81,1.96,36,4.24
2023-08-20T18:18:00Z,28,1.04,9.14,1.82,36,4.28
2023-08-20T19:18:00Z,27,0.99,6.4,1.69,37,4.3
2023-08-20T20:18:00Z,26,0.89,6.73,1.5,37,4.61
2023-08-20T21:18:00Z,25,0.91,6.56,1.53,37,4.88
2023-08-20T22:18:00Z,22,0.85,6.56,1.46,44,4.81
2023-08-20T23:18:00Z,21,0.85,6.24,1.44,37,4.49
2023-08-21T00:18:00Z,21,0.9,6.24,1.41,37,4.81
2023-08-21T01:18:00Z,19,0.95,6.91,1.51,38,4.83
2023-08-21T02:18:00Z,19,0.97,6.09,1.6,38,4.73
2023-08-21T03:18:00Z,19,0.93,8.82,1.62,37,5.03
2023-08-21T04:18:00Z,19,0.91,6.4,1.51,36,4.95
2023-08-21T05:18:00Z,19,0.95,5.56,1.54,41,4.67
2023-08-21T06:18:00Z,19,0.95,6.4,1.69,36,4.7
2023-08-21T07:18:00Z,20,0.89,5.56,1.46,37,4.61
2023-08-21T08:18:00Z,20,0.85,8.25,1.42,34,4.62
2023-08-21T09:18:00Z,20,0.8,7.31,1.33,37,4.77
2023-08-21T10:18:00Z,21,0.86,7.52,1.4,36,4.34
2023-08-21T11:18:00Z,22,0.77,6.56,1.35,40,4.34
2023-08-21T12:18:00Z,22,0.76,6.56,1.32,36,4.75
2023-08-21T13:18:00Z,23,0.73,6.4,1.33,37,4.6
2023-08-21T14:18:00Z,22,0.76,7.52,1.29,36,4.43
2023-08-21T15:18:00Z,21,0.75,7.31,1.24,35,4.57
2023-08-21T16:18:00Z,22,0.81,6.56,1.44,37,4.5
2023-08-21T17:18:00Z,22,0.76,7.31,1.35,37,4.65
2023-08-21T18:18:00Z,22,0.75,6.24,1.32,39,4.48
2023-08-21T19:18:00Z,22,0.71,6.4,1.18,37,4.5
2023-08-21T20:18:00Z,21,0.69,6.09,1.19,37,4.59
2023-08-21T21:18:00Z,21,0.68,6.24,1.16,39,4.35
2023-08-21T22:18:00Z,21,0.73,6.56,1.22,38,4.3
2023-08-21T23:18:00Z,21,0.72,4.26,1.24,41,4.34
2023-08-22T00:18:00Z,20,0.74,3.76,1.43,42,4.24
2023-08-22T01:18:00Z,20,0.69,4.49,1.22,41,4.14
2023-08-22T02:18:00Z,20,0.67,4.57,1.09,40,4.19
2023-08-22T03:18:00Z,20,0.65,6.91,1.07,37,4.59
2023-08-22T04:18:00Z,20,0.66,6.4,1,40,4.42
2023-08-22T05:18:00Z,21,0.62,6.56,1.11,35,4.41
2023-08-22T06:18:00Z,21,0.58,5.01,1,43,4.4
2023-08-22T07:18:00Z,21,0.52,8.53,0.96,38,4.45
2023-08-22T08:18:00Z,21,0.52,5.56,0.96,39,4.62
2023-08-22T09:18:00Z,20,0.5,5.33,0.87,45,4.31
2023-08-22T10:18:00Z,20,0.53,8.53,0.89,36,4.48
2023-08-22T11:18:00Z,21,0.46,8,0.8,42,3.99
2023-08-22T12:18:00Z,21,0.46,7.75,0.86,36,4.75
2023-08-22T13:18:00Z,25,0.48,8,0.83,39,4.64
2023-08-22T14:18:00Z,29,0.48,7.75,0.79,38,4.89
2023-08-22T15:18:00Z,32,0.45,11.63,0.78,43,4.66
2023-08-22T16:18:00Z,32,0.47,8,0.81,41,4.91
2023-08-22T17:18:00Z,34,0.51,8.82,0.83,38,4.93
2023-08-22T18:18:00Z,35,0.47,6.91,0.81,41,5
2023-08-22T19:18:00Z,31,0.46,6.73,0.77,39,4.8
2023-08-22T20:18:00Z,29,0.46,9.14,0.75,36,4.96
2023-08-22T21:18:00Z,24,0.46,8.53,0.75,37,5.02
2023-08-22T22:18:00Z,24,0.44,9.14,0.75,42,4.89
2023-08-22T23:18:00Z,22,0.42,9.84,0.77,41,5
2023-08-23T00:18:00Z,22,0.46,11.13,0.83,36,4.53
2023-08-23T01:18:00Z,20,0.53,9.14,0.88,40,3.64
2023-08-23T02:18:00Z,20,0.5,7.75,0.86,39,3.53
2023-08-23T03:18:00Z,19,0.46,9.14,0.74,36,3.88
2023-08-23T04:18:00Z,19,0.49,11.13,0.84,37,3.79
2023-08-23T05:18:00Z,19,0.54,8,0.9,37,3.46
2023-08-23T06:18:00Z,18,0.5,7.75,0.88,35,3.83
2023-08-23T07:18:00Z,18,0.49,9.48,0.8,35,4.17
2023-08-23T08:18:00Z,17,0.51,9.14,0.9,39,4.25
2023-08-23T09:18:00Z,17,0.49,9.48,0.83,38,4.3
2023-08-23T10:18:00Z,19,0.46,9.84,0.75,38,4.49
2023-08-23T11:18:00Z,21,0.49,8.53,0.89,40,4.06
2023-08-23T12:18:00Z,24,0.43,10.23,0.76,37,4.67
2023-08-23T14:18:00Z,28,0.42,9.48,0.75,35,4.83
2023-08-23T15:18:00Z,29,0.4,10.66,0.67,38,5.02
2023-08-23T16:18:00Z,30,0.39,8.25,0.64,38,5.02
2023-08-23T17:18:00Z,31,0.42,10.66,0.71,36,5.4
2023-08-23T18:18:00Z,30,0.4,10.66,0.67,39,5.36
2023-08-23T19:18:00Z,31,0.39,9.48,0.62,39,5.36
2023-08-23T20:18:00Z,30,0.42,9.84,0.72,41,5.4
2023-08-23T21:18:00Z,28,0.38,9.84,0.66,39,5.54
2023-08-23T22:18:00Z,27,0.38,9.84,0.64,38,5.26
2023-08-23T23:18:00Z,21,0.47,9.14,0.81,39,4.5
2023-08-24T00:18:00Z,19,0.46,9.84,0.75,40,4.27
2023-08-24T01:18:00Z,19,0.47,8.82,0.79,43,4.06
2023-08-24T02:18:00Z,19,0.47,9.48,0.78,38,4.29
2023-08-24T03:18:00Z,19,0.51,3.76,0.86,38,4.24
2023-08-24T04:18:00Z,19,0.5,9.48,0.89,37,4.4
2023-08-24T05:18:00Z,18,0.48,8.82,0.87,43,4.08
2023-08-24T06:18:00Z,18,0.44,8.53,0.76,36,4.18
2023-08-24T07:18:00Z,17,0.45,8.82,0.71,37,4.56
2023-08-24T08:18:00Z,17,0.44,8.25,0.75,37,5.38
2023-08-24T09:18:00Z,18,0.42,9.14,0.69,35,4.66
2023-08-24T10:18:00Z,20,0.43,8,0.7,36,4.65
2023-08-24T11:18:00Z,23,0.46,3.76,0.74,35,4.75
2023-08-24T12:18:00Z,26,0.42,8.82,0.64,38,4.98
2023-08-24T13:18:00Z,27,0.43,10.66,0.75,40,5.02
2023-08-24T14:18:00Z,27,0.43,8.53,0.7,38,5.52
2023-08-24T15:18:00Z,29,0.43,10.66,0.68,36,5.38
2023-08-24T16:18:00Z,30,0.41,8.53,0.67,38,5.43
2023-08-24T17:18:00Z,30,0.47,7.52,0.75,35,5.18
2023-08-24T18:18:00Z,29,0.42,8.53,0.69,36,5.68
2023-08-24T19:18:00Z,27,0.44,10.23,0.72,36,5.68
2023-08-24T20:18:00Z,27,0.45,10.66,0.73,36,4.85
2023-08-24T21:18:00Z,27,0.42,10.66,0.72,40,4.61
2023-08-24T23:18:00Z,21,0.43,10.66,0.77,37,4.38
2023-08-25T00:18:00Z,20,0.42,8.82,0.7,37,4.26
2023-08-25T01:18:00Z,19,0.44,3.71,0.69,41,4.44
2023-08-25T02:18:00Z,19,0.49,10.66,0.82,35,4.78
2023-08-25T03:18:00Z,19,0.47,9.48,0.81,42,4.91
2023-08-25T04:18:00Z,19,0.49,10.23,0.79,35,5.2
2023-08-25T05:18:00Z,20,0.49,11.63,0.77,39,5.48
2023-08-25T06:18:00Z,21,0.47,9.84,0.72,44,5.67
2023-08-25T07:18:00Z,21,0.51,9.48,0.86,40,5.4
2023-08-25T08:18:00Z,20,0.53,8.53,0.9,37,5.38
2023-08-25T09:18:00Z,19,0.53,12.19,0.93,40,4.81
2023-08-25T10:18:00Z,19,0.57,11.63,1,36,4.77
2023-08-25T11:18:00Z,21,0.58,11.13,0.91,37,5.05
2023-08-25T12:18:00Z,22,0.6,9.48,1.01,43,4.37
2023-08-25T13:18:00Z,27,0.63,8.82,0.98,37,4.63
2023-08-25T14:18:00Z,27,0.66,11.13,1,37,4.85
2023-08-25T15:18:00Z,24,0.66,10.66,1.07,37,4.83
2023-08-25T16:18:00Z,25,0.59,11.13,0.96,39,5.04
2023-08-25T17:18:00Z,26,0.53,10.66,0.87,36,4.96
2023-08-25T18:18:00Z,26,0.56,11.13,0.87,40,5.79
2023-08-25T19:18:00Z,26,0.68,11.13,1.1,39,5.76
2023-08-25T20:18:00Z,26,0.58,11.13,1.03,39,5.68
2023-08-25T21:18:00Z,23,0.57,10.66,0.9,38,5.94
2023-08-25T22:18:00Z,22,0.63,10.66,0.99,38,6.26
2023-08-25T23:18:00Z,22,0.6,10.66,0.93,36,5.11
2023-08-26T00:18:00Z,22,0.79,10.66,1.29,36,4.92
2023-08-26T02:18:00Z,22,1.02,10.66,1.76,37,3.73
2023-08-26T03:18:00Z,22,1,3.93,1.79,37,3.8
2023-08-26T04:18:00Z,22,0.96,9.84,1.6,39,3.71
2023-08-26T05:18:00Z,22,1.14,10.23,1.86,36,4.11
2023-08-26T06:18:00Z,22,1.18,4.06,2.04,37,3.9
2023-08-26T07:18:00Z,22,1.29,4.33,1.98,38,3.9
2023-08-26T08:18:00Z,22,1.35,10.23,2.43,42,4.05
2023-08-26T10:18:00Z,22,1.5,5.68,2.45,42,4.36
2023-08-26T11:18:00Z,22,1.42,5.68,2.34,39,4.18
2023-08-26T12:18:00Z,22,1.59,6.09,2.77,40,4.49
2023-08-26T13:18:00Z,25,1.7,5.95,2.78,38,4.79
2023-08-26T14:18:00Z,23,1.91,6.24,3.47,36,4.86
2023-08-26T15:18:00Z,22,2.17,6.56,3.57,39,5.12
2023-08-26T16:18:00Z,22,2.03,6.73,3.31,36,4.97
2023-08-26T17:18:00Z,21,2.05,6.24,3.51,40,4.99
2023-08-26T18:18:00Z,21,2.08,6.91,3.38,35,4.89
2023-08-26T19:18:00Z,21,2.03,7.31,3.08,35,4.89
2023-08-26T20:18:00Z,21,1.93,7.11,3.28,36,5
2023-08-26T21:18:00Z,21,1.88,6.91,3.11,37,5.33
2023-08-26T22:18:00Z,21,1.79,6.73,2.88,37,4.86
2023-08-26T23:18:00Z,21,1.78,6.91,2.89,38,4.99
2023-08-27T00:18:00Z,21,1.72,5.95,2.76,38,4.67
2023-08-27T01:18:00Z,21,1.73,6.56,2.75,36,4.83
2023-08-27T02:18:00Z,20,1.89,6.56,3.12,39,4.95
2023-08-27T03:18:00Z,20,1.78,6.91,2.74,36,4.85
2023-08-27T04:18:00Z,20,1.65,6.56,2.84,35,4.75
2023-08-27T05:18:00Z,21,1.65,6.09,2.91,39,4.9
2023-08-27T06:18:00Z,20,1.49,6.56,2.59,39,4.75
2023-08-27T07:18:00Z,20,1.57,6.24,2.46,40,5.15
2023-08-27T08:18:00Z,20,1.52,5.95,2.35,39,4.94
2023-08-27T09:18:00Z,19,1.64,6.4,2.7,39,5.26
2023-08-27T10:18:00Z,20,1.58,6.4,2.54,37,5.18
2023-08-27T11:18:00Z,20,1.41,6.24,2.34,38,5.1
2023-08-27T12:18:00Z,20,1.48,6.09,2.37,38,5.17
2023-08-27T13:18:00Z,21,1.41,6.4,2.04,37,5.29
2023-08-27T14:18:00Z,22,1.28,6.56,2.14,36,5.17
2023-08-27T15:18:00Z,24,1.33,9.14,2.12,36,5.2
2023-08-27T16:18:00Z,26,1.28,9.48,2,37,5.08
2023-08-27T17:18:00Z,28,1.16,5.95,1.99,39,5.03
2023-08-27T18:18:00Z,23,1.06,6.24,1.74,39,4.83
2023-08-27T19:18:00Z,26,1.09,8.53,1.8,37,5.03
2023-08-27T20:18:00Z,26,1.07,8.82,1.7,36,4.98
2023-08-27T21:18:00Z,28,0.98,9.14,1.65,35,4.94
2023-08-27T22:18:00Z,26,0.94,8.82,1.5,36,5.12
2023-08-27T23:18:00Z,22,0.89,5.81,1.38,41,5.06
2023-08-28T00:18:00Z,21,0.86,9.14,1.37,38,5.25
2023-08-28T01:18:00Z,21,0.92,9.48,1.47,41,5.35
2023-08-28T02:18:00Z,21,0.93,9.48,1.71,40,5.38
2023-08-28T03:18:00Z,21,0.97,8.82,1.75,40,5.32
2023-08-28T04:18:00Z,20,0.99,9.14,1.54,36,5.63
2023-08-28T05:18:00Z,20,0.95,9.14,1.51,38,5.71
2023-08-28T06:18:00Z,20,1.01,9.14,1.6,36,5.64
2023-08-28T07:18:00Z,19,0.94,8.53,1.63,38,5.39
2023-08-28T08:18:00Z,19,0.86,8.53,1.42,39,5.5
2023-08-28T09:18:00Z,19,0.9,8.53,1.46,39,5.53
2023-08-28T10:18:00Z,20,0.94,8.53,1.49,36,5.56
2023-08-28T11:18:00Z,24,0.92,6.4,1.44,37,5.71
2023-08-28T12:18:00Z,28,0.87,5.68,1.45,38,5.56
2023-08-28T13:18:00Z,28,0.9,8.82,1.46,38,5.81
2023-08-28T14:18:00Z,28,0.75,8.82,1.2,40,5.52
2023-08-28T15:18:00Z,31,0.77,6.09,1.3,37,5.53
2023-08-28T16:18:00Z,30,0.8,8.82,1.32,41,5.12
2023-08-28T17:18:00Z,30,0.76,8,1.29,39,5.38
2023-08-28T18:18:00Z,30,0.8,8.82,1.32,39,5.82
2023-08-28T19:18:00Z,29,0.78,8.53,1.26,39,5.33
2023-08-28T20:18:00Z,28,0.79,6.09,1.4,38,5.19
2023-08-28T21:18:00Z,27,0.82,8.25,1.3,43,4.71
2023-08-28T22:18:00Z,23,0.86,8.25,1.44,38,4.48
2023-08-28T23:18:00Z,21,0.86,6.24,1.47,39,4.73
2023-08-29T00:18:00Z,21,0.81,5.81,1.24,43,5.16
2023-08-29T01:18:00Z,20,0.86,7.52,1.47,39,5.25
2023-08-29T02:18:00Z,20,0.86,5.95,1.33,38,5.23
2023-08-29T03:18:00Z,20,0.77,9.14,1.3,36,5.29
2023-08-29T04:18:00Z,20,0.73,9.14,1.28,40,5.13
2023-08-29T05:18:00Z,20,0.71,8.82,1.2,39,4.99
2023-08-29T06:18:00Z,20,0.69,8.82,1.18,40,5.24
2023-08-29T07:18:00Z,20,0.75,8.53,1.29,42,5.14
2023-08-29T08:18:00Z,19,0.7,8.53,1.14,39,5.43
2023-08-29T09:18:00Z,19,0.7,8,1.2,37,5.1
2023-08-29T10:18:00Z,20,0.69,7.52,1.21,37,5.4
2023-08-29T11:18:00Z,22,0.73,8.25,1.18,36,6.09
2023-08-29T12:18:00Z,23,0.72,8,1.2,38,6.16
2023-08-29T13:18:00Z,24,0.65,7.75,1.03,38,5.51
2023-08-29T14:18:00Z,27,0.69,9.14,1.11,39,5.84
2023-08-29T15:18:00Z,28,0.7,7.52,1.15,37,5.95
2023-08-29T16:18:00Z,28,0.67,16,1.14,36,5.98
2023-08-29T17:18:00Z,27,0.74,8,1.23,41,6.13
2023-08-29T18:18:00Z,26,0.77,9.48,1.25,36,5.12
2023-08-29T19:18:00Z,26,0.79,8.25,1.43,39,4.73
2023-08-29T20:18:00Z,25,0.77,8.25,1.25,38,4.72
2023-08-29T21:18:00Z,24,0.81,10.23,1.38,37,4.65
2023-08-29T22:18:00Z,23,0.8,7.75,1.39,39,4.99
2023-08-29T23:18:00Z,22,0.78,9.84,1.25,36,4.98
2023-08-30T00:18:00Z,22,0.77,10.23,1.23,35,5.19
2023-08-30T01:18:00Z,22,0.76,3.76,1.3,37,4.52
2023-08-30T02:18:00Z,22,0.79,8,1.29,37,4.73
2023-08-30T03:18:00Z,22,0.77,10.66,1.24,34,4.91
2023-08-30T04:18:00Z,22,0.71,8.82,1.2,42,4.69
2023-08-30T05:18:00Z,22,0.76,10.23,1.35,35,4.68
2023-08-30T06:18:00Z,22,0.79,9.14,1.26,35,4.8
2023-08-30T07:18:00Z,22,0.78,4.65,1.46,39,4.61
2023-08-30T08:18:00Z,22,0.83,8.82,1.39,38,5.17
2023-08-30T09:18:00Z,22,0.9,9.48,1.48,34,5.17
2023-08-30T11:18:00Z,23,0.92,9.48,1.57,36,4.56
2023-08-30T12:18:00Z,23,1.01,9.84,1.74,35,4.52
2023-08-30T13:18:00Z,23,0.99,10.23,1.76,37,4.46
2023-08-30T14:18:00Z,23,1.06,9.48,1.88,36,4.21
2023-08-30T16:18:00Z,25,1.21,5.33,2.08,40,4.37
2023-08-30T17:18:00Z,24,1.39,5.11,2.38,39,4.4
2023-08-30T18:18:00Z,24,1.37,5.22,2.44,39,4.65
2023-08-30T19:18:00Z,23,1.34,5.56,2.33,38,4.41
2023-08-30T20:18:00Z,23,1.42,5.33,2.45,38,4.59
2023-08-30T21:18:00Z,23,1.33,9.84,2.27,37,4.54
2023-08-30T22:18:00Z,23,1.23,5.95,2.02,36,4.72
2023-08-30T23:18:00Z,23,1.43,5.33,2.29,41,4.71
2023-08-31T00:18:00Z,22,1.46,6.91,2.28,37,5.07
2023-08-31T01:18:00Z,22,1.53,6.4,2.48,37,4.79
2023-08-31T02:18:00Z,22,1.62,6.73,2.64,37,5.3
2023-08-31T03:18:00Z,21,1.42,6.73,2.19,37,5.21
2023-08-31T04:18:00Z,21,1.47,6.4,2.63,34,4.96
2023-08-31T05:18:00Z,21,1.39,6.91,2.22,36,5.27
2023-08-31T06:18:00Z,21,1.37,6.73,2.36,36,5.2
2023-08-31T07:18:00Z,21,1.35,6.73,2.28,37,5.14
2023-08-31T08:18:00Z,21,1.33,11.63,2.17,35,5.29
2023-08-31T09:18:00Z,21,1.35,13.47,2.06,34,5.6
2023-08-31T10:18:00Z,21,1.5,9.48,2.42,34,5.67
2023-08-31T11:18:00Z,22,1.46,12.8,2.52,37,5.76
2023-08-31T12:18:00Z,23,1.31,6.4,1.97,38,5.63
2023-08-31T13:18:00Z,25,1.3,9.14,2.27,36,5.15
2023-08-31T14:18:00Z,23,1.22,13.47,2.15,36,5.79
2023-08-31T15:18:00Z,24,1.15,8.82,1.92,35,6.02
2023-08-31T16:18:00Z,27,1.25,9.14,2.11,38,5.62
2023-08-31T17:18:00Z,26,1.33,8.82,2.27,35,5.76
2023-08-31T18:18:00Z,26,1.15,13.47,1.94,35,5.48
2023-08-31T19:18:00Z,25,1.16,15.05,1.99,36,5.32
2023-08-31T20:18:00Z,25,1.19,8.82,2.06,35,5.42
2023-08-31T21:18:00Z,23,1.3,13.47,2.31,36,5.25
2023-08-31T23:18:00Z,19,1.5,15.05,2.51,35,5.51
2023-09-01T00:18:00Z,18,1.44,12.19,2.39,34,5.03
2023-09-01T01:18:00Z,17,1.46,16,2.43,35,5.86
2023-09-01T02:18:00Z,16,1.34,14.22,2.2,37,6.19
2023-09-01T03:18:00Z,16,1.24,13.47,2.06,37,6.14
2023-09-01T04:18:00Z,16,1.25,15.05,2.03,36,6.19
2023-09-01T05:18:00Z,16,1.22,14.22,1.99,37,6.49
2023-09-01T06:18:00Z,15,1.11,14.22,1.81,38,6.4
2023-09-01T07:18:00Z,15,1.13,14.22,1.69,37,6.45
2023-09-01T08:18:00Z,14,1.09,14.22,1.6,34,6.23
2023-09-01T09:18:00Z,14,1,14.22,1.69,34,6.72
2023-09-01T10:18:00Z,17,1.03,14.22,1.64,34,7.03
2023-09-01T11:18:00Z,20,1.05,12.8,1.65,36,6.29
2023-09-01T12:18:00Z,23,0.92,12.8,1.51,35,6.67
2023-09-01T13:18:00Z,24,0.8,12.19,1.41,36,6.04
2023-09-01T14:18:00Z,26,0.75,12.19,1.28,36,5.66
2023-09-01T15:18:00Z,28,0.72,8,1.13,38,6.39
2023-09-01T16:18:00Z,28,0.7,11.63,1.11,36,6.58
2023-09-01T18:18:00Z,29,0.73,12.19,1.13,39,6.32
2023-09-01T19:18:00Z,29,0.79,15.05,1.3,37,6.68
2023-09-01T20:18:00Z,28,0.75,15.05,1.18,35,6.23
2023-09-01T21:18:00Z,26,0.84,14.22,1.27,37,5.93
2023-09-01T22:18:00Z,23,0.96,14.22,1.55,35,6.79
2023-09-01T23:18:00Z,19,1,13.47,1.61,35,7.88
2023-09-02T00:18:00Z,18,1.1,13.47,1.68,35,8.1
2023-09-02T01:18:00Z,18,1.04,12.8,1.58,35,7.85
2023-09-02T02:18:00Z,18,0.94,12.8,1.34,36,8.04
2023-09-02T03:18:00Z,18,0.93,12.19,1.57,34,7.45
2023-09-02T04:18:00Z,18,0.8,12.8,1.27,34,7.28
2023-09-02T05:18:00Z,18,0.79,12.19,1.2,36,7.1
2023-09-02T06:18:00Z,17,0.71,12.19,1.12,35,6.65
2023-09-02T07:18:00Z,17,0.74,11.63,1.21,35,6.66
2023-09-02T08:18:00Z,16,0.65,11.63,0.99,34,6.36
2023-09-02T09:18:00Z,16,0.6,8.82,0.94,36,6.2
2023-09-02T10:18:00Z,17,0.56,10.66,0.97,35,5.93
2023-09-02T11:18:00Z,20,0.59,9.48,0.96,35,5.44
2023-09-02T12:18:00Z,23,0.57,11.13,0.91,35,5.7
2023-09-02T13:18:00Z,24,0.64,11.13,0.97,35,6.32
2023-09-02T14:18:00Z,26,0.64,11.63,0.99,37,5.94
2023-09-02T15:18:00Z,26,0.64,11.13,1.07,36,5.96
2023-09-02T16:18:00Z,27,0.74,12.8,1.05,37,6.37
2023-09-02T17:18:00Z,27,0.73,11.13,1.08,34,5.59
2023-09-02T18:18:00Z,27,0.75,11.63,1.18,37,5.04
2023-09-02T19:18:00Z,27,0.85,11.63,1.38,36,4.55
2023-09-02T20:18:00Z,26,0.8,11.63,1.32,37,4.12
2023-09-02T21:18:00Z,24,0.75,11.13,1.24,37,3.91
2023-09-02T22:18:00Z,22,0.85,11.13,1.35,37,4.18
2023-09-02T23:18:00Z,21,0.88,11.63,1.55,39,4.24
2023-09-03T00:18:00Z,21,0.83,11.63,1.46,37,4.49
2023-09-03T01:18:00Z,21,0.87,11.13,1.39,37,5.14
2023-09-03T02:18:00Z,20,0.83,11.63,1.29,37,5.27
2023-09-03T03:18:00Z,20,0.86,9.84,1.41,36,4.96
2023-09-03T04:18:00Z,19,0.88,11.63,1.45,38,5.72
2023-09-03T05:18:00Z,19,0.94,9.84,1.53,35,5.75
2023-09-03T06:18:00Z,19,0.86,11.63,1.46,36,5.23
2023-09-03T07:18:00Z,19,0.99,11.63,1.63,41,4.99
2023-09-03T08:18:00Z,19,1.08,10.23,1.76,35,5.01
2023-09-03T09:18:00Z,19,1.01,10.66,1.73,35,4.84
2023-09-03T10:18:00Z,20,1.09,11.13,1.75,36,5.15
2023-09-03T11:18:00Z,23,1.18,10.66,2.07,35,4.78
2023-09-03T12:18:00Z,24,1.14,10.66,1.87,37,4.87
2023-09-03T13:18:00Z,26,1.1,9.48,1.85,35,5.1
2023-09-03T14:18:00Z,27,0.99,9.14,1.81,36,4.75
2023-09-03T15:18:00Z,27,0.93,9.84,1.47,35,5.01
2023-09-03T16:18:00Z,27,0.87,8.82,1.49,36,4.73
2023-09-03T17:18:00Z,27,0.81,8.82,1.35,37,4.73
2023-09-03T18:18:00Z,27,0.83,13.47,1.37,41,4.96
2023-09-03T19:18:00Z,26,0.88,9.48,1.42,37,4.81
2023-09-03T20:18:00Z,25,0.84,8,1.37,36,5.18
2023-09-03T21:18:00Z,24,0.77,9.48,1.2,39,5.14
2023-09-03T22:18:00Z,21,0.79,12.8,1.52,35,4.84
2023-09-03T23:18:00Z,18,0.82,11.13,1.43,43,4.94
2023-09-04T00:18:00Z,18,0.8,7.75,1.43,36,4.97
2023-09-04T01:18:00Z,18,0.87,9.84,1.48,38,4.87
2023-09-04T02:18:00Z,18,0.88,10.66,1.54,36,5.01
2023-09-04T03:18:00Z,18,0.87,8,1.55,39,5.42
2023-09-04T04:18:00Z,18,0.94,10.66,1.47,34,5.59
2023-09-04T05:18:00Z,18,0.85,10.66,1.37,38,5.48
2023-09-04T06:18:00Z,18,0.87,9.84,1.44,38,5.62
2023-09-04T07:18:00Z,18,0.78,10.66,1.22,37,5.68
2023-09-04T08:18:00Z,18,0.8,9.84,1.33,37,5.54
2023-09-04T09:18:00Z,18,0.83,10.66,1.52,36,5.28
2023-09-04T10:18:00Z,19,0.85,9.48,1.48,40,5.23
2023-09-04T11:18:00Z,19,0.85,9.84,1.34,36,5.52
2023-09-04T12:18:00Z,20,0.73,9.14,1.37,41,5.51
2023-09-04T13:18:00Z,22,0.76,9.84,1.25,38,6.33
2023-09-04T14:18:00Z,25,0.76,8.53,1.23,42,6.14
2023-09-04T15:18:00Z,25,0.71,8.53,1.18,42,6.6
2023-09-04T16:18:00Z,25,0.74,9.14,1.26,40,6.5
2023-09-04T17:18:00Z,27,0.79,8.53,1.27,39,6.68
2023-09-04T18:18:00Z,25,0.8,8,1.29,42,6.59
2023-09-04T19:18:00Z,24,0.86,6.91,1.4,38,6.42
2023-09-04T20:18:00Z,23,0.8,12.19,1.33,38,6.5
2023-09-04T21:18:00Z,22,0.79,9.84,1.33,38,6.34
2023-09-04T22:18:00Z,20,0.94,12.19,1.39,36,6.77
2023-09-04T23:18:00Z,20,0.87,9.48,1.48,39,6.61
2023-09-05T00:18:00Z,19,0.99,11.63,1.69,38,7.27
2023-09-05T01:18:00Z,19,1.09,11.63,1.85,35,7.57
2023-09-05T02:18:00Z,20,1.17,11.63,1.86,39,7.57
2023-09-05T03:18:00Z,20,1.48,11.63,2.43,35,7.93
2023-09-05T04:18:00Z,20,1.54,14.22,2.51,34,8.04
2023-09-05T05:18:00Z,20,1.73,11.63,2.57,34,7.58
2023-09-05T06:18:00Z,20,2.24,12.8,3.67,34,7.99
2023-09-05T07:18:00Z,20,1.96,11.63,3.38,35,6.38
2023-09-05T08:18:00Z,20,2.06,11.13,3.34,35,6.56
2023-09-05T09:18:00Z,20,1.89,11.63,2.91,37,6.42
2023-09-05T10:18:00Z,20,2,12.19,3.24,35,6.38
2023-09-05T11:18:00Z,23,2.07,11.63,3.36,34,6.06
2023-09-05T12:18:00Z,25,2.15,10.66,3.31,38,6.32
2023-09-05T13:18:00Z,26,2.22,10.66,3.44,35,5.98
2023-09-05T14:18:00Z,29,2.67,9.48,4.21,36,6.65
2023-09-05T15:18:00Z,30,2.77,10.23,3.96,35,6.55
2023-09-05T16:18:00Z,31,2.87,10.66,4.64,35,6.34
2023-09-05T17:18:00Z,31,2.55,9.14,4.1,34,6.05
2023-09-05T18:18:00Z,31,2.79,9.84,4.38,34,6.26
2023-09-05T19:18:00Z,31,2.24,10.23,3.74,37,5.46
2023-09-05T20:18:00Z,29,2.22,9.48,3.48,34,5.16
2023-09-05T21:18:00Z,25,1.97,10.23,3.36,35,5.29
2023-09-05T23:18:00Z,22,1.57,8.82,2.89,36,4.85
2023-09-06T00:18:00Z,22,1.75,10.23,2.91,35,5.37
2023-09-06T01:18:00Z,22,1.6,9.48,2.59,36,5.16
2023-09-06T02:18:00Z,22,1.64,9.48,2.78,39,5.15
2023-09-06T03:18:00Z,22,1.72,9.48,2.84,37,5.28
2023-09-06T04:18:00Z,22,2.45,9.48,3.77,37,6.2
2023-09-06T05:18:00Z,22,2.35,9.14,3.98,36,5.89
2023-09-06T06:18:00Z,22,2.48,9.14,3.97,35,6.1
2023-09-06T07:18:00Z,22,2.31,8.25,3.5,35,5.8
2023-09-06T08:18:00Z,22,2.24,8.25,3.42,35,5.87
2023-09-06T09:18:00Z,22,2.32,8.25,3.61,34,5.88
2023-09-06T11:18:00Z,23,1.87,9.48,3.15,35,5.71
2023-09-06T12:18:00Z,23,1.76,9.14,2.73,34,5.72
2023-09-06T13:18:00Z,23,1.77,8.82,2.7,35,5.66
2023-09-06T14:18:00Z,26,1.76,7.11,2.61,34,5
2023-09-06T15:18:00Z,24,1.96,7.75,3.36,35,5.54
2023-09-06T16:18:00Z,26,1.86,6.56,2.99,37,5.15
2023-09-06T17:18:00Z,29,2.09,8.25,3.23,36,5.2
2023-09-06T18:18:00Z,25,1.93,8.82,3,34,5.2
2023-09-06T19:18:00Z,24,1.98,8,3.06,34,5.61
2023-09-06T20:18:00Z,22,1.83,8.53,2.87,35,5.64
2023-09-06T21:18:00Z,22,1.94,7.75,3.04,34,5.6
2023-09-06T22:18:00Z,21,2,8.53,3.28,36,5.05
2023-09-06T23:18:00Z,21,1.83,8,2.87,35,5.58
2023-09-07T00:18:00Z,22,1.78,7.31,2.82,35,4.82
2023-09-07T01:18:00Z,21,1.54,7.52,2.63,36,4.79
2023-09-07T02:18:00Z,21,1.58,7.52,2.4,35,5.21
2023-09-07T03:18:00Z,21,1.46,7.31,2.35,35,5.22
2023-09-07T04:18:00Z,22,1.45,7.52,2.41,34,5.46
2023-09-07T05:18:00Z,22,1.19,6.73,1.97,38,5.27
2023-09-07T06:18:00Z,22,1.22,6.24,1.95,36,5.26
2023-09-07T07:18:00Z,21,1.21,6.73,1.88,36,5.45
2023-09-07T08:18:00Z,21,1.2,6.24,2.11,40,5.28
2023-09-07T09:18:00Z,22,1.09,6.73,1.71,38,5.12
2023-09-07T10:18:00Z,22,0.97,6.56,1.67,36,5.32
2023-09-07T11:18:00Z,22,0.93,6.56,1.55,38,5.49
2023-09-07T12:18:00Z,23,0.96,8.53,1.52,37,5.55
2023-09-07T13:18:00Z,25,0.94,6.91,1.53,38,5.52
2023-09-07T14:18:00Z,26,0.83,7.75,1.4,36,4.92
2023-09-07T15:18:00Z,27,0.87,8.25,1.52,38,4.78
2023-09-07T16:18:00Z,29,0.93,6.24,1.58,35,5.05
2023-09-07T17:18:00Z,29,0.83,6.09,1.34,36,4.78
2023-09-07T18:18:00Z,30,0.83,6.24,1.28,36,4.85
2023-09-07T19:18:00Z,30,0.92,7.31,1.47,36,5.26
2023-09-07T20:18:00Z,30,0.88,8.53,1.41,34,5.41
2023-09-07T21:18:00Z,29,0.83,7.75,1.31,35,5.93
2023-09-07T22:18:00Z,27,0.82,8.53,1.37,41,5.96
2023-09-07T23:18:00Z,23,0.75,7.11,1.31,36,6.02
2023-09-08T00:18:00Z,22,0.78,8.25,1.5,35,6.15
2023-09-08T01:18:00Z,22,0.64,6.91,1.08,39,5.72
2023-09-08T02:18:00Z,22,0.66,7.52,1.09,37,5.63
2023-09-08T03:18:00Z,22,0.67,11.13,1.07,38,6.01
2023-09-08T04:18:00Z,21,0.63,9.14,0.99,34,6.09
2023-09-08T05:18:00Z,21,0.59,10.23,0.98,38,5.89
2023-09-08T06:18:00Z,21,0.62,7.75,0.99,36,5.83
2023-09-08T07:18:00Z,21,0.66,8,0.96,39,5.82
2023-09-08T08:18:00Z,21,0.68,6.56,1.09,34,5.59
2023-09-08T09:18:00Z,21,0.66,7.31,1.08,36,5.04
2023-09-08T10:18:00Z,22,0.67,7.31,1.1,37,5.25
2023-09-08T11:18:00Z,24,0.68,7.52,1.16,35,5.42
2023-09-08T12:18:00Z,27,0.65,8,1.12,37,5.02
2023-09-08T13:18:00Z,27,0.59,9.84,1,37,5.11
2023-09-08T14:18:00Z,26,0.66,9.84,1.1,38,5.42
2023-09-08T15:18:00Z,26,0.66,9.48,1.11,38,4.79
2023-09-08T16:18:00Z,27,0.64,9.84,1.02,36,5.25
2023-09-08T17:18:00Z,26,0.64,9.48,0.99,37,5.24
2023-09-08T18:18:00Z,26,0.63,6.56,1.02,36,4.88
2023-09-08T19:18:00Z,25,0.68,8.25,1.27,35,4.41
2023-09-08T20:18:00Z,23,0.66,9.84,1.13,41,4.57
2023-09-08T21:18:00Z,22,0.74,3.87,1.27,36,4.02
2023-09-08T22:18:00Z,21,0.71,9.84,1.24,36,4.4
2023-09-08T23:18:00Z,21,0.71,9.84,1.22,37,4.22
2023-09-09T00:18:00Z,21,0.74,4.06,1.28,41,4.27
2023-09-09T01:18:00Z,21,0.73,4.19,1.27,42,4.22
2023-09-09T02:18:00Z,21,0.85,4.41,1.41,43,4.29
2023-09-09T03:18:00Z,21,0.77,4.49,1.35,43,4.34
2023-09-09T04:18:00Z,21,0.76,9.84,1.26,36,4.44
2023-09-09T05:18:00Z,22,0.72,9.48,1.21,38,4.76
2023-09-09T06:18:00Z,21,0.65,4.83,1.08,39,4.62
2023-09-09T07:18:00Z,21,0.72,4.83,1.27,40,4.45
2023-09-09T08:18:00Z,21,0.72,4.19,1.23,36,4.41
2023-09-09T09:18:00Z,21,0.65,9.48,1.02,39,4.34
2023-09-09T10:18:00Z,22,0.67,9.48,1.08,43,4.07
2023-09-09T11:18:00Z,22,0.63,8.82,1.06,37,3.95
2023-09-09T12:18:00Z,22,0.57,8.25,0.99,40,4.26
2023-09-09T13:18:00Z,23,0.58,9.14,1.04,37,4.11
2023-09-09T14:18:00Z,23,0.61,12.19,1.1,37,4.28
2023-09-09T15:18:00Z,25,0.61,8.82,1.01,37,4.24
2023-09-09T16:18:00Z,26,0.56,6.56,0.95,35,4.11
2023-09-09T17:18:00Z,26,0.62,9.14,1.03,38,4.07
2023-09-09T18:18:00Z,26,0.6,9.14,0.95,39,4.04
2023-09-09T19:18:00Z,25,0.61,4.49,1.01,39,3.69
2023-09-09T20:18:00Z,24,0.64,8.53,1.1,36,3.71
2023-09-09T21:18:00Z,23,0.61,4.26,1.09,38,3.66
2023-09-09T22:18:00Z,22,0.71,3.76,1.23,37,3.53
2023-09-09T23:18:00Z,22,0.67,4.26,1.15,41,3.73
2023-09-10T00:18:00Z,22,0.61,4.19,1.04,40,3.88
2023-09-10T01:18:00Z,21,0.63,4.19,1.06,34,3.75
2023-09-10T02:18:00Z,21,0.62,4.57,1.09,44,3.8
2023-09-10T03:18:00Z,21,0.56,5.01,1.03,42,3.97
2023-09-10T04:18:00Z,21,0.53,4.57,0.98,43,4.07
2023-09-10T05:18:00Z,21,0.51,4.57,0.86,45,4.08
2023-09-10T06:18:00Z,21,0.48,8.82,0.84,36,4.24
2023-09-10T07:18:00Z,21,0.48,9.48,0.84,36,4.17
2023-09-10T08:18:00Z,21,0.54,4.65,0.86,42,4.02
2023-09-10T09:18:00Z,22,0.44,8.53,0.75,35,4.15
2023-09-10T10:18:00Z,22,0.48,8.82,0.81,35,4.05
2023-09-10T11:18:00Z,22,0.44,8,0.73,38,4.2
2023-09-10T12:18:00Z,23,0.44,12.19,0.74,39,4.42
2023-09-10T13:18:00Z,24,0.44,12.19,0.77,38,4.41
2023-09-10T14:18:00Z,26,0.42,12.19,0.69,36,4.45
2023-09-10T15:18:00Z,27,0.46,11.63,0.8,40,4.03
2023-09-10T16:18:00Z,29,0.42,8.53,0.73,35,4.29
2023-09-10T17:18:00Z,28,0.46,8.53,0.81,35,4.05
2023-09-10T18:18:00Z,29,0.42,15.05,0.69,37,4.37
2023-09-10T19:18:00Z,27,0.39,8.25,0.66,37,4.5
2023-09-10T20:18:00Z,23,0.47,8,0.82,35,4.02
2023-09-10T21:18:00Z,23,0.43,12.19,0.71,39,4.19
2023-09-10T22:18:00Z,22,0.45,12.8,0.8,35,4.45
2023-09-10T23:18:00Z,22,0.43,13.47,0.68,37,4.65
2023-09-11T00:18:00Z,22,0.46,14.22,0.8,37,4.86
2023-09-11T01:18:00Z,22,0.49,13.47,0.82,38,4.44
2023-09-11T02:18:00Z,22,0.49,13.47,0.86,37,4.57
2023-09-11T03:18:00Z,22,0.52,12.8,0.81,36,4.62
2023-09-11T04:18:00Z,22,0.55,12.8,0.91,37,4.41
2023-09-11T05:18:00Z,21,0.58,12.8,0.93,36,5.02
2023-09-11T06:18:00Z,21,0.53,12.8,0.81,35,4.82
2023-09-11T07:18:00Z,21,0.58,12.8,0.95,36,4.92
2023-09-11T08:18:00Z,22,0.6,12.19,0.93,35,4.71
2023-09-11T09:18:00Z,22,0.65,12.8,1.19,35,5.27
2023-09-11T10:18:00Z,22,0.63,12.19,1.11,35,5.42
2023-09-11T11:18:00Z,22,0.58,12.8,0.98,37,4.93
2023-09-11T12:18:00Z,23,0.57,12.19,0.96,36,5.39
2023-09-11T13:18:00Z,23,0.65,12.19,1.03,36,5.79
2023-09-11T14:18:00Z,23,0.66,12.8,1.02,37,5.95
2023-09-11T15:18:00Z,25,0.61,12.8,0.9,36,5.7
2023-09-11T16:18:00Z,26,0.53,12.8,0.89,36,5.57
2023-09-11T17:18:00Z,28,0.55,12.8,0.91,36,5.65
2023-09-11T18:18:00Z,30,0.57,11.13,0.87,36,6.09
2023-09-11T19:18:00Z,28,0.55,11.63,0.93,35,5.73
2023-09-11T20:18:00Z,27,0.72,11.13,1.06,35,7.7
2023-09-11T21:18:00Z,24,0.59,11.63,0.94,35,6.81
2023-09-11T22:18:00Z,23,0.66,12.19,1.02,36,7.29
2023-09-11T23:18:00Z,22,0.65,11.63,1,35,6.51
2023-09-12T00:18:00Z,22,0.6,11.13,1.02,38,6.41
2023-09-12T01:18:00Z,22,0.67,12.8,1.04,35,6.99
2023-09-12T02:18:00Z,22,0.71,12.19,1.1,35,6.75
2023-09-12T03:18:00Z,22,0.75,12.8,1.13,36,7.15
2023-09-12T04:18:00Z,22,0.63,12.19,0.94,35,6.49
2023-09-12T05:18:00Z,22,0.72,12.8,1.06,36,7.17
2023-09-12T06:18:00Z,22,0.7,12.8,1.03,34,7.21
2023-09-12T07:18:00Z,22,0.7,11.63,1.06,34,7.31
2023-09-12T08:18:00Z,22,0.72,11.13,1.06,37,7.37
2023-09-12T09:18:00Z,22,0.77,10.66,1.21,34,7.4
2023-09-12T10:18:00Z,22,0.69,11.13,1.07,38,6.47
2023-09-12T11:18:00Z,22,0.78,11.63,1.22,38,7.07
2023-09-12T12:18:00Z,23,0.65,11.63,0.98,36,6.07
2023-09-12T13:18:00Z,25,0.71,11.13,1.18,38,6.26
2023-09-12T14:18:00Z,25,0.67,12.8,1.1,36,6.12
2023-09-12T15:18:00Z,27,0.72,11.63,1.07,36,6.46
2023-09-12T16:18:00Z,28,0.85,11.63,1.23,35,6.99
2023-09-12T17:18:00Z,32,0.74,12.19,1.18,36,6.4
2023-09-12T18:18:00Z,29,0.82,11.13,1.26,35,7.25
2023-09-12T19:18:00Z,26,0.83,11.63,1.37,35,6.53
2023-09-12T20:18:00Z,24,0.83,12.19,1.34,34,5.88
2023-09-12T21:18:00Z,24,0.86,10.23,1.39,37,6.24
2023-09-12T22:18:00Z,22,0.8,11.63,1.34,35,5.7
2023-09-12T23:18:00Z,22,0.93,11.13,1.46,35,6.21
2023-09-13T00:18:00Z,22,0.9,11.63,1.42,35,6.81
2023-09-13T01:18:00Z,22,0.8,11.63,1.33,34,6.7
2023-09-13T02:18:00Z,22,0.89,11.13,1.37,35,6.98
2023-09-13T03:18:00Z,22,0.81,11.63,1.33,36,6.44
2023-09-13T04:18:00Z,22,0.8,11.13,1.39,36,6.29
2023-09-13T05:18:00Z,22,0.87,11.63,1.44,35,6.79
2023-09-13T06:18:00Z,22,0.81,12.8,1.23,34,6.34
2023-09-13T07:18:00Z,22,0.85,11.13,1.36,36,6.71
2023-09-13T08:18:00Z,22,0.92,10.66,1.51,35,7.11
2023-09-13T09:18:00Z,22,0.94,12.19,1.51,35,6.64
2023-09-13T10:18:00Z,22,1.06,11.13,1.71,35,6.79
2023-09-13T11:18:00Z,23,1.02,9.48,1.73,37,5.95
2023-09-13T12:18:00Z,23,1.06,10.66,1.76,38,5.7
2023-09-13T13:18:00Z,25,1.05,11.13,1.66,34,5.79
2023-09-13T14:18:00Z,26,1.14,11.63,1.67,35,6.61
2023-09-13T15:18:00Z,26,1,12.19,1.58,35,6.01
2023-09-13T17:18:00Z,25,1.08,12.19,1.7,36,5.67
2023-09-13T18:18:00Z,24,0.92,12.8,1.4,36,5.48
2023-09-13T19:18:00Z,23,1.04,13.47,1.82,35,5.4
2023-09-13T20:18:00Z,23,1.02,14.22,1.74,37,5.09
2023-09-13T21:18:00Z,23,1.15,12.19,1.79,34,5.45
2023-09-13T22:18:00Z,22,1.29,12.19,2.01,35,5.71
2023-09-13T23:18:00Z,22,1.18,13.47,1.91,35,5.45
2023-09-14T00:18:00Z,22,1.18,12.19,2.07,35,5.54
2023-09-14T01:18:00Z,22,1.14,11.63,1.79,37,5.35
2023-09-14T02:18:00Z,22,1.18,12.19,2.03,35,5.5
2023-09-14T03:18:00Z,22,1.12,12.19,1.77,36,5.85
2023-09-14T04:18:00Z,22,1.18,12.8,1.88,37,5.84
2023-09-14T05:18:00Z,22,1.22,12.19,1.96,35,6.11
2023-09-14T06:18:00Z,22,1.15,12.19,1.88,36,5.94
2023-09-14T07:18:00Z,22,1.21,12.19,2.08,37,6.07
2023-09-14T08:18:00Z,22,1.35,12.8,2.22,34,6.44
2023-09-14T09:18:00Z,22,1.39,12.8,2.37,34,6.95
2023-09-14T10:18:00Z,22,1.46,11.63,2.05,36,6.96
2023-09-14T11:18:00Z,22,1.35,12.8,2.19,35,6.29
2023-09-14T12:18:00Z,23,1.4,11.63,2.21,35,5.74
2023-09-14T13:18:00Z,23,1.38,11.63,2.22,36,5.67
2023-09-14T14:18:00Z,24,1.33,13.47,2.14,35,6
2023-09-14T15:18:00Z,23,1.3,11.63,2.09,36,5.51
2023-09-14T16:18:00Z,23,1.45,12.19,2.23,34,6.02
2023-09-14T17:18:00Z,23,1.44,12.8,2.3,35,5.43
2023-09-14T18:18:00Z,22,1.5,10.66,2.58,36,4.61
2023-09-14T19:18:00Z,22,1.72,11.63,2.79,34,5.27
2023-09-14T20:18:00Z,23,1.5,12.19,2.54,36,5.15
2023-09-14T21:18:00Z,23,1.36,10.66,2.3,37,5.34
2023-09-14T22:18:00Z,23,1.32,11.13,1.98,36,5.58
2023-09-14T23:18:00Z,22,1.43,12.19,2.23,36,6.11
2023-09-15T00:18:00Z,22,1.42,12.19,2.34,37,5.94
2023-09-15T01:18:00Z,22,1.44,11.63,2.32,35,6.6
2023-09-15T02:18:00Z,22,1.37,13.47,2.27,35,6.77
2023-09-15T03:18:00Z,22,1.43,12.19,2.2,36,7.32
2023-09-15T04:18:00Z,22,1.3,12.8,2.17,37,6.52
2023-09-15T05:18:00Z,22,1.33,11.63,1.99,39,6.91
2023-09-15T06:18:00Z,22,1.25,10.66,1.88,36,6.97
2023-09-15T07:18:00Z,22,1.38,12.8,2.13,35,7.19
2023-09-15T08:18:00Z,21,1.43,13.47,2.27,35,7.15
2023-09-15T09:18:00Z,21,1.58,12.19,2.75,37,7.3
2023-09-15T10:18:00Z,21,1.39,14.22,2.15,36,6.95
2023-09-15T11:18:00Z,21,1.64,12.19,2.52,35,7.32
2023-09-15T12:18:00Z,21,1.54,12.8,2.42,38,7.21
2023-09-15T13:18:00Z,22,1.53,12.8,2.41,37,7.97
2023-09-15T14:18:00Z,23,1.7,15.05,2.81,35,7.75
2023-09-15T15:18:00Z,24,1.43,14.22,2.29,36,6.93
2023-09-15T16:18:00Z,25,1.82,14.22,2.78,35,8.29
2023-09-15T17:18:00Z,26,1.43,13.47,2.35,39,7.73
2023-09-15T18:18:00Z,24,1.57,13.47,2.39,36,7.87
2023-09-15T19:18:00Z,24,1.6,12.8,2.7,37,7
2023-09-15T20:18:00Z,23,1.76,11.63,2.69,37,7.07
2023-09-15T21:18:00Z,21,1.7,15.05,2.66,40,7.01
2023-09-15T22:18:00Z,21,2.08,13.47,3.07,36,7.53
2023-09-15T23:18:00Z,21,1.75,15.05,2.93,38,5.75
2023-09-16T00:18:00Z,21,1.92,12.8,3.21,36,5.36
2023-09-16T01:18:00Z,20,2.06,14.22,3.15,36,5.81
2023-09-16T02:18:00Z,20,2.04,14.22,3.3,39,5.77
2023-09-16T03:18:00Z,21,1.92,12.8,3.27,38,5.48
2023-09-16T04:18:00Z,21,2.01,15.05,3.07,36,5.69
2023-09-16T05:18:00Z,22,2.23,13.47,3.72,40,5.21
2023-09-16T06:18:00Z,22,2.75,6.56,4.45,35,5.61
2023-09-16T07:18:00Z,22,3.07,12.19,4.92,36,6.17
2023-09-16T08:18:00Z,22,3.8,6.91,5.97,35,6.72
2023-09-16T09:18:00Z,23,4.29,6.56,6.92,35,6.98
2023-09-16T10:18:00Z,23,4.9,7.75,8.09,36,7.6
2023-09-16T11:18:00Z,23,5.62,16,8.97,35,8.38
2023-09-16T12:18:00Z,24,6.06,14.22,9.25,34,8.54
2023-09-16T13:18:00Z,24,6.81,16,9.82,37,8.99
2023-09-16T14:18:00Z,24,7.74,15.05,11.78,35,9.4
2023-09-16T15:18:00Z,26,6.34,14.22,9.71,35,8.68
2023-09-16T16:18:00Z,25,7.09,17.06,11.57,34,9.52
2023-09-16T17:18:00Z,23,6.37,15.05,10.36,34,9.08
2023-09-16T18:18:00Z,21,6.4,16,9.84,34,8.92
2023-09-16T19:18:00Z,20,6.56,16,9.84,35,8.96
2023-09-16T20:18:00Z,19,5.99,14.22,8.87,34,8.59
2023-09-16T21:18:00Z,19,5.95,16,9.15,34,8.76
2023-09-16T22:18:00Z,18,5.23,13.47,8.28,34,8.16
2023-09-16T23:18:00Z,18,5.26,12.8,8.26,35,8.12
2023-09-17T00:18:00Z,18,5.37,13.47,7.57,35,8.3
2023-09-17T01:18:00Z,19,5.14,13.47,7.47,36,8.01
2023-09-17T02:18:00Z,18,4.32,13.47,6.87,37,7.34
2023-09-17T03:18:00Z,18,4.24,12.8,6.79,38,7.34
2023-09-17T04:18:00Z,18,3.6,12.19,5.72,39,6.58
2023-09-17T05:18:00Z,19,3.18,12.8,5.21,35,6.37
2023-09-17T06:18:00Z,19,3.29,11.63,5.27,36,6.55
2023-09-17T07:18:00Z,19,2.98,11.13,5.1,39,6.33
2023-09-17T08:18:00Z,20,3.22,11.13,4.95,35,6.54
2023-09-17T09:18:00Z,20,2.81,11.13,4.53,39,6.57
2023-09-17T10:18:00Z,19,2.75,11.13,4.49,37,6.63
2023-09-17T11:18:00Z,20,2.62,10.66,4.04,35,6.66
2023-09-17T12:18:00Z,21,2.26,9.84,3.69,35,6.25
2023-09-17T13:18:00Z,22,2.2,10.66,3.26,41,6.3
2023-09-17T14:18:00Z,22,2.16,10.66,3.23,35,6.24
2023-09-17T15:18:00Z,22,2.05,10.23,3.18,36,6.31
2023-09-17T16:18:00Z,26,2.08,10.23,3.08,36,6.38
2023-09-17T17:18:00Z,27,1.87,9.84,2.85,37,5.97
2023-09-17T18:18:00Z,27,1.91,10.23,2.81,37,6.21
2023-09-17T19:18:00Z,27,1.7,8.53,2.8,34,5.97
2023-09-17T20:18:00Z,25,1.79,9.48,2.99,36,6.25
2023-09-17T21:18:00Z,25,1.64,11.13,3.01,38,6.18
2023-09-17T22:18:00Z,22,1.79,9.84,2.98,36,6.24
2023-09-17T23:18:00Z,20,1.47,7.75,2.2,37,5.74
2023-09-18T00:18:00Z,20,1.63,9.48,2.41,39,6.18
2023-09-18T01:18:00Z,20,1.34,8.53,2.31,36,5.86
2023-09-18T02:18:00Z,20,1.28,9.84,2.15,36,5.52
2023-09-18T03:18:00Z,19,1.3,9.84,2.09,37,5.38
2023-09-18T04:18:00Z,19,1.27,7.52,2.05,37,5.47
2023-09-18T05:18:00Z,18,1.54,8.53,2.34,35,5.79
2023-09-18T06:18:00Z,18,1.29,8.82,2.27,36,5.45
2023-09-18T07:18:00Z,17,1.31,8,2.07,38,5.44
2023-09-18T08:18:00Z,17,1.22,8.53,1.92,37,5.81
2023-09-18T09:18:00Z,18,1.35,11.63,2.29,37,5.76
2023-09-18T10:18:00Z,18,1.3,7.31,2.14,37,5.65
2023-09-18T11:18:00Z,22,1.32,7.31,2.13,35,5.73
2023-09-18T12:18:00Z,23,1.16,11.13,1.89,39,5.48
2023-09-18T13:18:00Z,25,1.2,8.82,2,42,5.73
2023-09-18T14:18:00Z,27,1.25,9.14,1.92,37,5.45
2023-09-18T15:18:00Z,27,1.27,12.8,2.15,36,5.13
2023-09-18T16:18:00Z,26,1.14,8,1.97,35,5.29
2023-09-18T17:18:00Z,28,1.24,10.23,1.97,37,5.01
2023-09-18T18:18:00Z,24,1.08,11.63,1.76,38,5.13
2023-09-18T19:18:00Z,22,1.08,11.13,1.82,37,5.4
2023-09-18T20:18:00Z,21,1.09,12.8,1.72,36,5.27
2023-09-18T21:18:00Z,20,0.96,12.19,1.62,35,5.21
2023-09-18T22:18:00Z,19,1.08,12.8,1.7,37,5.49
2023-09-18T23:18:00Z,19,1.01,12.8,1.7,36,5.32
2023-09-19T00:18:00Z,19,0.98,11.63,1.65,37,5.46
2023-09-19T01:18:00Z,19,0.94,11.13,1.48,36,5.44
2023-09-19T02:18:00Z,19,1.03,12.19,1.73,36,5.43
2023-09-19T03:18:00Z,19,1.05,12.19,1.77,35,5.22
2023-09-19T04:18:00Z,19,1.03,12.8,1.69,37,5.01
2023-09-19T05:18:00Z,20,1.03,11.63,1.72,38,4.61
2023-09-19T06:18:00Z,20,1.14,11.63,1.85,39,4.82
2023-09-19T07:18:00Z,19,1.18,12.19,2.03,35,4.72
2023-09-19T08:18:00Z,20,1.28,12.8,2.27,37,4.17
2023-09-19T09:18:00Z,20,1.31,11.63,2.19,40,4.39
2023-09-19T10:18:00Z,21,1.37,12.19,2.48,36,4.31
2023-09-19T11:18:00Z,20,1.61,5.11,2.73,40,4.37
2023-09-19T12:18:00Z,21,1.77,5.01,2.84,39,4.57
2023-09-19T13:18:00Z,21,2.08,6.09,3.3,35,4.73
2023-09-19T14:18:00Z,22,1.99,6.24,3.21,38,4.93
