time,temperature,wave_height_sig,wave_period_max,wave_height_max,wave_spread_average,sea_surface_wave_mean_period
2023-10-01T00:23:00Z,17,0.28,10.66,0.47,36,4.44
2023-10-01T01:23:00Z,17,0.27,10.23,0.47,36,4.32
2023-10-01T02:23:00Z,16,0.27,10.66,0.4,35,4.36
2023-10-01T03:23:00Z,16,0.29,8.53,0.5,34,4.16
2023-10-01T04:23:00Z,16,0.34,2.63,0.6,38,3.38
2023-10-01T05:23:00Z,16,0.39,2.61,0.7,35,3.4
2023-10-01T06:23:00Z,15,0.38,2.87,0.69,35,3.35
2023-10-01T07:23:00Z,16,0.33,3.36,0.57,43,3.67
2023-10-01T08:23:00Z,15,0.37,2.84,0.64,34,3.49
2023-10-01T09:23:00Z,15,0.36,3.01,0.67,40,3.5
2023-10-01T10:23:00Z,14,0.36,3.5,0.66,34,3.63
2023-10-01T11:23:00Z,14,0.42,3.71,0.73,34,3.66
2023-10-01T12:23:00Z,15,0.38,9.14,0.68,38,3.71
2023-10-01T13:23:00Z,21,0.43,5.22,0.73,40,3.78
2023-10-01T14:23:00Z,23,0.45,9.48,0.8,36,4.29
2023-10-01T15:23:00Z,26,0.46,8.25,0.77,34,4.38
2023-10-01T16:23:00Z,25,0.52,7.75,0.84,34,4.78
2023-10-01T17:23:00Z,25,0.53,9.84,0.92,35,5.09
2023-10-01T18:23:00Z,25,0.53,7.52,0.93,34,4.74
2023-10-01T19:23:00Z,22,0.54,8.53,0.91,34,4.81
2023-10-01T20:23:00Z,21,0.54,8.82,0.92,34,5.24
2023-10-01T21:23:00Z,18,0.48,9.84,0.89,34,5.01
2023-10-01T22:23:00Z,16,0.52,9.84,0.85,34,5.12
2023-10-01T23:23:00Z,16,0.48,9.48,0.84,36,4.67
2023-10-02T00:23:00Z,16,0.52,8.82,0.9,35,4.81
2023-10-02T01:23:00Z,16,0.54,9.84,0.96,35,5.12
2023-10-02T03:23:00Z,15,0.56,9.48,0.91,35,5.79
2023-10-02T04:23:00Z,16,0.56,7.75,0.87,34,5.71
2023-10-02T05:23:00Z,16,0.54,9.48,0.98,35,5.94
2023-10-02T06:23:00Z,16,0.56,8.53,0.89,34,6.34
2023-10-02T07:23:00Z,16,0.51,10.66,0.84,34,6.12
2023-10-02T08:23:00Z,16,0.43,7.75,0.73,34,5.39
2023-10-02T09:23:00Z,16,0.43,8,0.7,34,5.7
2023-10-02T10:23:00Z,16,0.46,7.75,0.78,35,4.9
2023-10-02T11:23:00Z,18,0,16,0,33,11.96
2023-10-02T12:23:00Z,20,0.46,9.14,0.78,35,3.72
2023-10-02T13:23:00Z,23,0.44,8.82,0.73,35,3.75
2023-10-02T14:23:00Z,26,0.4,9.48,0.66,36,4
2023-10-02T15:23:00Z,27,0.41,7.75,0.75,35,3.84
2023-10-02T16:23:00Z,28,0.44,8.82,0.78,35,4.22
2023-10-02T17:23:00Z,29,0.39,7.52,0.66,35,5.31
2023-10-02T18:23:00Z,29,0.38,8,0.64,34,5.31
2023-10-02T19:23:00Z,27,0.39,8.53,0.67,34,5.62
2023-10-02T20:23:00Z,26,0.4,8.25,0.65,35,5.58
2023-10-02T21:23:00Z,24,0.41,9.14,0.67,34,5.61
2023-10-02T22:23:00Z,20,0.45,8.53,0.81,34,4.49
2023-10-02T23:23:00Z,19,0.45,8,0.85,36,4.23
2023-10-03T00:23:00Z,18,0.42,8.82,0.72,34,5.4
2023-10-03T01:23:00Z,17,0.49,9.48,0.79,35,5.29
2023-10-03T02:23:00Z,17,0.45,8.82,0.83,35,5.37
2023-10-03T03:23:00Z,16,0.44,8,0.69,35,5.64
2023-10-03T04:23:00Z,15,0.49,9.14,0.88,35,5.99
2023-10-03T05:23:00Z,15,0.53,8.25,0.9,34,5.8
2023-10-03T06:23:00Z,15,0.48,10.23,0.82,35,5.59
2023-10-03T07:23:00Z,15,0.4,9.14,0.61,34,5.82
2023-10-03T08:23:00Z,15,0.37,8.25,0.59,34,5.89
2023-10-03T09:23:00Z,15,0.4,8.82,0.69,34,5.49
2023-10-03T10:23:00Z,16,0.37,12.8,0.6,34,5.2
2023-10-03T11:23:00Z,21,0.36,8.82,0.58,35,5.51
2023-10-03T12:23:00Z,24,0.38,8.82,0.64,35,5.65
2023-10-03T13:23:00Z,27,0.43,8.82,0.77,35,4.97
2023-10-03T14:23:00Z,28,0.45,8.53,0.76,36,5.04
2023-10-03T15:23:00Z,31,0.48,8.25,0.81,34,5.59
2023-10-03T16:23:00Z,32,0.46,6.56,0.78,35,5.79
2023-10-03T17:23:00Z,34,0.43,6.56,0.69,34,5.23
2023-10-03T18:23:00Z,31,0.38,7.11,0.6,36,5.5
2023-10-03T19:23:00Z,31,0.38,8.25,0.7,34,5
2023-10-03T20:23:00Z,29,0.38,12.19,0.6,34,5.25
2023-10-03T21:23:00Z,25,0.36,12.19,0.59,35,5.04
2023-10-03T22:23:00Z,23,0.32,11.63,0.54,34,5
2023-10-03T23:23:00Z,21,0.27,8.82,0.44,34,5.13
2023-10-04T00:23:00Z,20,0.28,10.66,0.46,35,5.28
2023-10-04T01:23:00Z,20,0.38,11.63,0.71,36,5.16
2023-10-04T02:23:00Z,19,0.33,9.14,0.58,36,3.64
2023-10-04T03:23:00Z,18,0.41,12.19,0.77,36,4.06
2023-10-04T04:23:00Z,17,0.36,9.84,0.61,35,4.79
2023-10-04T05:23:00Z,17,0.41,11.13,0.66,34,5.38
2023-10-04T06:23:00Z,16,0.34,11.13,0.54,34,5.68
2023-10-04T07:23:00Z,16,0.38,7.31,0.61,35,5.61
2023-10-04T08:23:00Z,16,0.3,7.52,0.5,35,5.3
2023-10-04T09:23:00Z,15,0.34,11.13,0.56,36,4.81
2023-10-04T10:23:00Z,15,0.35,11.63,0.6,34,4.54
2023-10-04T11:23:00Z,15,0.32,11.13,0.55,34,5.03
2023-10-04T12:23:00Z,16,0.25,10.23,0.42,35,5.12
2023-10-04T13:23:00Z,19,0.25,11.13,0.45,36,4.81
2023-10-04T14:23:00Z,26,0.26,11.13,0.47,36,4.42
2023-10-04T15:23:00Z,27,0.31,9.48,0.5,35,4.48
2023-10-04T16:23:00Z,25,0.33,9.48,0.55,36,4.07
2023-10-04T18:23:00Z,24,0.3,9.48,0.5,36,4.61
2023-10-04T19:23:00Z,23,0.34,10.23,0.6,35,3.7
2023-10-04T20:23:00Z,22,0.32,9.84,0.56,37,3.53
2023-10-04T21:23:00Z,20,0.3,9.84,0.54,34,4.52
2023-10-04T22:23:00Z,16,0.26,10.66,0.42,35,4.04
2023-10-04T23:23:00Z,16,0.27,8.82,0.46,34,4.39
2023-10-05T00:23:00Z,17,0.26,9.48,0.51,35,4.16
2023-10-05T01:23:00Z,17,0.3,9.48,0.53,35,4.42
2023-10-05T02:23:00Z,17,0.25,9.48,0.42,35,4.26
2023-10-05T03:23:00Z,17,0.29,9.84,0.49,36,4.47
2023-10-05T04:23:00Z,17,0.28,9.84,0.49,36,4.32
2023-10-05T05:23:00Z,18,0.3,9.84,0.46,37,4.78
2023-10-05T06:23:00Z,18,0.25,10.23,0.42,35,4.6
2023-10-05T07:23:00Z,18,0.25,9.84,0.41,35,4.67
2023-10-05T08:23:00Z,18,0.31,9.48,0.53,35,4.07
2023-10-05T09:23:00Z,18,0.27,9.84,0.46,35,4.44
2023-10-05T10:23:00Z,18,0.28,8.53,0.46,35,3.92
2023-10-05T11:23:00Z,18,0.28,9.84,0.5,35,4.27
2023-10-05T12:23:00Z,19,0.28,8.82,0.51,34,3.99
2023-10-05T13:23:00Z,20,0.27,9.48,0.45,35,4.42
2023-10-05T14:23:00Z,21,0.28,8.53,0.56,35,3.91
2023-10-05T15:23:00Z,23,0.3,9.84,0.51,36,5.06
2023-10-05T16:23:00Z,24,0.27,9.48,0.44,39,4.26
2023-10-05T17:23:00Z,24,0.33,10.23,0.53,35,4.2
2023-10-05T18:23:00Z,24,0.3,10.23,0.52,38,3.75
2023-10-05T19:23:00Z,23,0.32,8,0.58,36,3.56
2023-10-05T20:23:00Z,24,0.33,10.23,0.56,35,3.45
2023-10-05T21:23:00Z,20,0.35,8.53,0.64,35,3.9
2023-10-05T22:23:00Z,18,0.34,4.19,0.62,37,3.55
2023-10-05T23:23:00Z,18,0.28,10.66,0.49,35,3.81
2023-10-06T00:23:00Z,18,0.27,9.14,0.47,34,3.89
2023-10-06T01:23:00Z,17,0,17.06,0,33,13.12
2023-10-06T01:23:00Z,17,0,17.06,0,33,13.12
2023-10-06T02:23:00Z,17,0.28,9.84,0.49,35,3.73
2023-10-06T03:23:00Z,17,0.33,10.66,0.55,38,3.98
2023-10-06T04:23:00Z,17,0.31,10.66,0.53,36,3.87
2023-10-06T05:23:00Z,17,0.31,9.48,0.56,35,3.91
2023-10-06T06:23:00Z,17,0.33,10.23,0.56,34,3.97
2023-10-06T07:23:00Z,18,0.31,10.23,0.54,34,4.27
2023-10-06T08:23:00Z,17,0.29,8.53,0.51,35,4.3
2023-10-06T09:23:00Z,17,0.28,8.82,0.46,35,4.16
2023-10-06T10:23:00Z,17,0.31,10.23,0.52,34,3.99
2023-10-06T11:23:00Z,18,0.28,8.53,0.5,34,4.09
2023-10-06T12:23:00Z,22,0.28,11.63,0.47,36,4.23
2023-10-06T13:23:00Z,26,0.28,8.82,0.48,34,4.25
2023-10-06T14:23:00Z,26,0.29,8.25,0.54,36,4.13
2023-10-06T15:23:00Z,27,0.3,11.63,0.53,34,4.42
2023-10-06T16:23:00Z,28,0.32,9.48,0.58,36,4.29
2023-10-06T17:23:00Z,27,0.34,15.05,0.6,38,4.05
2023-10-06T18:23:00Z,27,0.3,8.53,0.54,37,3.9
2023-10-06T19:23:00Z,25,0.26,11.63,0.46,35,4.36
2023-10-06T20:23:00Z,24,0.32,4.06,0.52,36,3.95
2023-10-06T22:23:00Z,19,0.28,11.63,0.5,34,3.88
2023-10-06T23:23:00Z,18,0.3,8.25,0.51,35,3.82
2023-10-07T00:23:00Z,18,0.29,10.23,0.56,36,3.57
2023-10-07T01:23:00Z,18,0.25,9.48,0.44,34,3.93
2023-10-07T02:23:00Z,18,0.26,10.66,0.46,36,4.09
2023-10-07T03:23:00Z,17,0.31,10.66,0.58,35,3.7
2023-10-07T04:23:00Z,18,0.32,11.13,0.54,36,3.92
2023-10-07T05:23:00Z,18,0.3,10.23,0.54,35,4.04
2023-10-07T06:23:00Z,18,0.32,9.48,0.55,36,3.57
2023-10-07T07:23:00Z,18,0.33,9.48,0.58,37,3.58
2023-10-07T08:23:00Z,18,0.37,8,0.62,35,3.5
2023-10-07T09:23:00Z,18,0.38,9.48,0.7,40,3.61
2023-10-07T10:23:00Z,18,0.37,10.66,0.61,36,3.46
2023-10-07T11:23:00Z,21,0.39,10.23,0.69,36,3.38
2023-10-07T12:23:00Z,22,0.48,3.6,0.84,37,3.37
2023-10-07T13:23:00Z,23,0.49,3.41,0.87,37,3.23
2023-10-07T14:23:00Z,25,0.47,3.41,0.83,36,3.34
2023-10-07T15:23:00Z,24,0.56,3.71,1.02,34,3.34
2023-10-07T16:23:00Z,22,0.57,4,1.05,34,3.26
2023-10-07T17:23:00Z,22,0.64,4.19,1.12,37,3.35
2023-10-07T18:23:00Z,21,0.69,4.12,1.16,37,3.37
2023-10-07T19:23:00Z,23,0.68,4.33,1.26,41,3.47
2023-10-07T20:23:00Z,21,0.76,4.33,1.25,42,3.6
2023-10-07T21:23:00Z,20,0.79,5.68,1.48,36,3.7
2023-10-07T22:23:00Z,19,0.9,5.68,1.42,36,3.84
2023-10-07T23:23:00Z,19,0.95,5.44,1.58,34,3.92
2023-10-08T00:23:00Z,20,1.1,6.24,1.92,37,3.92
2023-10-08T01:23:00Z,20,1.07,6.4,1.77,35,4.11
2023-10-08T02:23:00Z,19,1.08,6.4,1.86,35,3.99
2023-10-08T03:23:00Z,19,1.06,6.09,1.71,34,3.86
2023-10-08T04:23:00Z,19,1.2,6.91,2.05,34,4.12
2023-10-08T05:23:00Z,19,1.3,6.91,2.15,35,4.38
2023-10-08T06:23:00Z,19,1.33,8.82,2.32,35,4.27
2023-10-08T07:23:00Z,19,1.29,9.14,2.37,35,4.31
2023-10-08T08:23:00Z,19,1.4,7.52,2.31,35,4.71
2023-10-08T09:23:00Z,19,1.47,7.31,2.32,34,4.94
2023-10-08T10:23:00Z,19,1.39,8.53,2.25,34,4.97
2023-10-08T11:23:00Z,19,1.44,8,2.47,35,4.85
2023-10-08T12:23:00Z,19,1.34,8.25,2.28,34,4.78
2023-10-08T13:23:00Z,20,1.42,8.25,2.53,34,5.1
2023-10-08T14:23:00Z,22,1.29,8.53,2.08,34,5.51
2023-10-08T15:23:00Z,23,1.2,8.82,2.07,34,5.62
2023-10-08T16:23:00Z,24,1.12,12.8,1.8,34,5.44
2023-10-08T17:23:00Z,25,1.08,11.13,1.76,34,5.56
2023-10-08T18:23:00Z,25,1.09,9.84,1.71,34,5.53
2023-10-08T19:23:00Z,25,1.13,11.63,2.01,33,5.49
2023-10-08T20:23:00Z,24,1.11,12.8,1.88,34,5.8
2023-10-08T21:23:00Z,21,0.96,12.19,1.59,34,5.51
2023-10-08T22:23:00Z,17,0.94,12.8,1.67,33,5.45
2023-10-08T23:23:00Z,16,0.85,9.84,1.45,34,5.44
2023-10-09T00:23:00Z,15,0.83,13.47,1.44,34,5.42
2023-10-09T01:23:00Z,15,0.75,12.19,1.33,35,5.12
2023-10-09T02:23:00Z,14,0.78,12.8,1.34,34,5.6
2023-10-09T03:23:00Z,14,0.73,12.19,1.29,34,5.36
2023-10-09T04:23:00Z,13,0.79,11.13,1.36,34,5.46
2023-10-09T05:23:00Z,13,0.82,12.19,1.3,34,5.55
2023-10-09T06:23:00Z,13,0.81,10.23,1.29,34,5.52
2023-10-09T07:23:00Z,14,0.77,10.23,1.32,34,5.14
2023-10-09T08:23:00Z,14,0.77,8.53,1.34,34,5.05
2023-10-09T09:23:00Z,14,0.82,8.82,1.24,34,5.34
2023-10-09T10:23:00Z,14,0.8,10.23,1.32,34,5.3
2023-10-09T11:23:00Z,17,0.74,9.48,1.22,34,5.43
2023-10-09T12:23:00Z,21,0.75,11.13,1.3,34,5.48
2023-10-09T13:23:00Z,22,0.67,9.84,1.11,34,4.78
2023-10-09T14:23:00Z,22,0.65,11.13,1.07,33,4.43
2023-10-09T15:23:00Z,24,0.65,9.84,1.12,34,4.29
2023-10-09T16:23:00Z,26,0.64,9.84,1.08,34,4.55
2023-10-09T17:23:00Z,26,0.6,10.23,1.08,34,4.14
2023-10-09T18:23:00Z,25,0.63,10.66,1.06,34,4.61
2023-10-09T19:23:00Z,21,0.64,9.84,1.09,34,4.45
2023-10-09T20:23:00Z,19,0.57,9.48,0.95,36,4.76
2023-10-09T21:23:00Z,18,0.6,9.84,1.05,35,4.66
2023-10-09T22:23:00Z,18,0.67,10.23,1.19,34,3.76
2023-10-09T23:23:00Z,16,0.7,9.84,1.17,35,3.69
2023-10-10T00:23:00Z,17,0.79,9.84,1.41,35,3.45
2023-10-10T01:23:00Z,17,1.05,4.26,1.85,38,3.54
2023-10-10T02:23:00Z,18,1.28,5.01,2.16,41,3.84
2023-10-10T03:23:00Z,18,1.24,5.22,2.11,43,3.83
2023-10-10T04:23:00Z,18,0.95,5.11,1.67,42,3.79
2023-10-10T05:23:00Z,18,0.85,5.33,1.52,36,3.71
2023-10-10T06:23:00Z,18,0.75,5.11,1.3,44,3.79
2023-10-10T07:23:00Z,17,0.71,5.33,1.31,40,3.86
2023-10-10T08:23:00Z,16,0.59,9.14,0.94,35,4.07
2023-10-10T09:23:00Z,15,0.61,5.01,1.1,44,4.47
2023-10-10T10:23:00Z,14,0.54,5.01,0.97,40,4.63
2023-10-10T11:23:00Z,16,0.54,5.68,0.93,35,4.37
2023-10-10T12:23:00Z,19,0.45,5.56,0.76,38,4.96
2023-10-10T13:23:00Z,21,0.45,5.81,0.79,38,5.07
2023-10-10T14:23:00Z,24,0.44,8.53,0.82,35,5.09
2023-10-10T15:23:00Z,25,0.44,6.09,0.7,35,5.45
2023-10-10T16:23:00Z,26,0.38,5.81,0.66,39,5.43
2023-10-10T17:23:00Z,26,0.37,6.56,0.57,36,5.33
2023-10-10T18:23:00Z,26,0.39,6.09,0.61,36,5.07
2023-10-10T19:23:00Z,22,0.34,8.53,0.54,34,5.23
2023-10-10T20:23:00Z,20,0.33,7.52,0.52,35,5.05
2023-10-10T21:23:00Z,18,0.4,7.52,0.68,38,3.65
2023-10-10T22:23:00Z,16,0.32,8,0.52,36,4.23
2023-10-10T23:23:00Z,16,0.31,8,0.53,37,4.72
2023-10-11T00:23:00Z,15,0.3,6.91,0.48,35,4.49
2023-10-11T01:23:00Z,15,0.29,6.73,0.46,35,5.04
2023-10-11T02:23:00Z,14,0.24,6.73,0.41,36,4.65
2023-10-11T03:23:00Z,14,0.23,12.8,0.37,38,5.19
2023-10-11T04:23:00Z,14,0.26,8,0.47,36,4.68
2023-10-11T05:23:00Z,13,0.26,12.8,0.45,34,4.83
2023-10-11T06:23:00Z,13,0.23,12.8,0.4,34,5.08
2023-10-11T07:23:00Z,13,0.25,8.82,0.48,36,4.65
2023-10-11T08:23:00Z,14,0.26,8,0.5,36,4.36
2023-10-11T09:23:00Z,15,0.28,11.63,0.51,36,4.14
2023-10-11T10:23:00Z,15,0.35,8.82,0.61,35,3.59
2023-10-11T11:23:00Z,16,0.53,2.61,0.88,35,3.1
2023-10-11T12:23:00Z,18,0.5,2.81,0.9,35,3.19
2023-10-11T13:23:00Z,19,0.44,3.04,0.79,36,3.41
2023-10-11T14:23:00Z,21,0.45,2.48,0.71,35,3.29
2023-10-11T15:23:00Z,20,0.45,2.94,0.84,36,3.28
2023-10-11T16:23:00Z,20,0.51,2.53,0.83,35,3.23
2023-10-11T17:23:00Z,16,0.62,3.93,1.03,39,3.16
2023-10-11T18:23:00Z,19,0.69,3.6,1.31,39,3.23
2023-10-11T19:23:00Z,19,0.74,4.33,1.29,38,3.36
2023-10-11T20:23:00Z,19,0.77,4.41,1.35,38,3.43
2023-10-11T21:23:00Z,19,0.7,5.01,1.26,41,3.39
2023-10-11T22:23:00Z,18,0.68,4.92,1.12,39,3.74
2023-10-11T23:23:00Z,18,0.61,4.57,1.12,45,3.9
2023-10-12T00:23:00Z,17,0.6,5.01,1.05,41,4.11
2023-10-12T01:23:00Z,17,0.52,5.44,0.88,39,4.02
2023-10-12T02:23:00Z,16,0.6,6.24,0.96,36,4.75
2023-10-12T03:23:00Z,16,0.64,6.24,1.13,35,4.91
2023-10-12T04:23:00Z,16,0.6,6.4,1.02,34,4.81
2023-10-12T05:23:00Z,15,0.62,5.95,0.98,36,4.78
2023-10-12T06:23:00Z,15,0.55,6.56,0.89,34,4.89
2023-10-12T07:23:00Z,14,0.55,5.44,0.91,38,4.76
2023-10-12T08:23:00Z,14,0.59,6.56,1.04,35,4.87
2023-10-12T10:23:00Z,14,0.66,6.91,1.12,34,5.17
2023-10-12T11:23:00Z,14,0.58,6.4,1.02,35,5.08
2023-10-12T12:23:00Z,16,0.48,6.73,0.8,36,4.88
2023-10-12T13:23:00Z,19,0.44,6.4,0.77,37,4.91
2023-10-12T14:23:00Z,24,0.45,6.56,0.88,36,5.13
2023-10-12T15:23:00Z,28,0.43,6.91,0.73,34,5.18
2023-10-12T16:23:00Z,26,0.4,6.24,0.67,35,4.98
2023-10-12T17:23:00Z,24,0.42,5.81,0.7,37,4.87
2023-10-12T18:23:00Z,25,0.42,6.73,0.69,35,4.06
2023-10-12T19:23:00Z,25,0.38,5.95,0.65,36,4.23
2023-10-12T20:23:00Z,22,0.37,6.4,0.58,36,4.5
2023-10-12T21:23:00Z,18,0.36,6.73,0.58,36,4.55
2023-10-12T22:23:00Z,17,0.39,5.95,0.66,39,4.68
2023-10-12T23:23:00Z,16,0.36,6.24,0.64,35,4.48
2023-10-13T00:23:00Z,17,0.38,5.95,0.62,36,4.28
2023-10-13T01:23:00Z,16,0.34,6.4,0.63,35,4.34
2023-10-13T02:23:00Z,16,0.36,6.09,0.61,36,4.28
2023-10-13T03:23:00Z,16,0.35,5.22,0.59,36,4.44
2023-10-13T04:23:00Z,16,0.34,5.68,0.58,37,4.4
2023-10-13T05:23:00Z,16,0.34,5.33,0.6,41,4.57
2023-10-13T06:23:00Z,16,0.31,5.95,0.51,37,4.09
2023-10-13T07:23:00Z,15,0.29,5.44,0.49,40,4.77
2023-10-13T08:23:00Z,15,0.31,10.66,0.59,35,4.14
2023-10-13T09:23:00Z,15,0.29,10.23,0.49,34,4.88
2023-10-13T10:23:00Z,15,0.3,6.09,0.53,37,4.19
2023-10-13T11:23:00Z,17,0.3,9.48,0.55,37,4.56
2023-10-13T12:23:00Z,16,0.29,8.53,0.52,35,4.69
2023-10-13T13:23:00Z,14,0.26,8.82,0.45,36,4.58
2023-10-13T14:23:00Z,15,0.26,5.11,0.44,38,4.73
2023-10-13T15:23:00Z,24,0.23,6.24,0.42,36,4.63
2023-10-13T16:23:00Z,20,0.24,8.82,0.44,36,4.79
2023-10-13T17:23:00Z,17,0.21,7.31,0.38,36,4.82
2023-10-13T18:23:00Z,14,0.23,10.23,0.36,38,4.95
2023-10-13T19:23:00Z,14,0.25,9.84,0.43,40,4.66
2023-10-13T20:23:00Z,14,0.22,8.25,0.34,36,4.6
2023-10-13T21:23:00Z,13,0.24,8.25,0.4,39,4.92
2023-10-13T22:23:00Z,12,0.22,8.53,0.41,38,4.83
2023-10-13T23:23:00Z,12,0.22,7.11,0.36,36,5.09
2023-10-14T00:23:00Z,12,0.23,6.73,0.38,37,5.07
2023-10-14T01:23:00Z,12,0.2,8,0.36,36,5.41
2023-10-14T02:23:00Z,12,0.23,16,0.34,45,3.96
2023-10-14T03:23:00Z,12,0.21,15.05,0.34,39,5.43
2023-10-14T04:23:00Z,13,0.2,16,0.33,42,5.31
2023-10-14T05:23:00Z,12,0.16,14.22,0.26,42,5.41
2023-10-14T06:23:00Z,13,0.19,12.8,0.31,37,5.08
2023-10-14T07:23:00Z,14,0.19,16,0.34,44,5.02
2023-10-14T08:23:00Z,14,0.18,16,0.3,38,4.49
2023-10-14T09:23:00Z,14,0.2,8.25,0.36,37,3.93
2023-10-14T10:23:00Z,14,0.16,16,0.28,42,3.88
2023-10-14T11:23:00Z,15,0.2,17.06,0.35,40,3.97
2023-10-14T12:23:00Z,16,0.25,16,0.5,42,3.14
2023-10-14T13:23:00Z,19,0.24,16,0.43,40,3.28
2023-10-14T14:23:00Z,20,0.22,2.16,0.4,36,2.72
2023-10-14T15:23:00Z,21,0.25,2.28,0.45,38,2.68
2023-10-14T16:23:00Z,22,0.31,14.22,0.52,37,3.52
2023-10-14T17:23:00Z,20,0.19,15.05,0.34,45,3.7
2023-10-14T18:23:00Z,19,0.19,14.22,0.33,43,3.49
2023-10-14T19:23:00Z,19,0.18,15.05,0.31,36,4.14
2023-10-14T20:23:00Z,17,0.17,15.05,0.31,43,3.56
2023-10-14T21:23:00Z,16,0.16,16,0.26,45,4.71
2023-10-14T22:23:00Z,15,0.23,3.24,0.42,37,3.77
2023-10-14T23:23:00Z,14,0.13,17.06,0.23,42,4.37
2023-10-15T00:23:00Z,14,0.17,18.28,0.3,42,5.28
2023-10-15T01:23:00Z,14,0.15,13.47,0.27,42,4.9
2023-10-15T02:23:00Z,14,0.16,16,0.27,44,4.65
2023-10-15T03:23:00Z,14,0.16,12.19,0.28,41,4.48
2023-10-15T04:23:00Z,14,0,16,0,33,11.78
2023-10-15T05:23:00Z,13,0.15,11.63,0.28,40,4.1
2023-10-15T06:23:00Z,13,0.17,13.47,0.28,40,4
2023-10-15T07:23:00Z,12,0.17,16,0.3,44,4.04
2023-10-15T08:23:00Z,12,0.22,2.46,0.38,38,3.37
2023-10-15T09:23:00Z,12,0.19,15.05,0.36,43,3.69
2023-10-15T10:23:00Z,12,0.19,9.14,0.32,40,3.98
2023-10-15T11:23:00Z,12,0.19,3.87,0.33,40,3.56
2023-10-15T12:23:00Z,16,0.22,6.4,0.39,35,3.63
2023-10-15T13:23:00Z,19,0,16,0,33,11.58
2023-10-15T14:23:00Z,19,0.21,13.47,0.37,41,3.66
2023-10-15T15:23:00Z,22,0.24,14.22,0.43,41,3.38
2023-10-15T16:23:00Z,21,0.31,16,0.54,40,3.65
2023-10-15T17:23:00Z,20,0.31,17.06,0.59,41,3.27
2023-10-15T18:23:00Z,19,0.29,4.41,0.52,38,3.31
2023-10-15T19:23:00Z,19,0.31,2.5,0.58,38,3.36
2023-10-15T20:23:00Z,17,0.27,16,0.43,44,3.46
2023-10-15T21:23:00Z,16,0.32,3.24,0.54,43,3.35
2023-10-15T22:23:00Z,16,0.33,5.56,0.62,37,3.6
2023-10-15T23:23:00Z,14,0.26,16,0.5,37,3.62
2023-10-16T00:23:00Z,14,0.26,14.22,0.46,42,3.96
2023-10-16T01:23:00Z,15,0.2,9.48,0.33,36,3.6
2023-10-16T02:23:00Z,14,0.25,9.48,0.46,38,3.83
2023-10-16T03:23:00Z,14,0.27,8.82,0.5,40,3.21
2023-10-16T04:23:00Z,14,0.29,15.05,0.58,37,3.55
2023-10-16T05:23:00Z,14,0,16,0,33,10.7
2023-10-16T06:23:00Z,14,0.35,5.44,0.58,36,4.51
2023-10-16T07:23:00Z,14,0.33,6.4,0.59,35,3.95
2023-10-16T08:23:00Z,14,0.32,6.4,0.57,34,4.52
2023-10-16T09:23:00Z,14,0.38,6.73,0.58,34,5.27
2023-10-16T10:23:00Z,14,0.44,7.75,0.7,34,5.39
2023-10-16T11:23:00Z,14,0.45,7.75,0.68,35,5.64
2023-10-16T12:23:00Z,15,0.44,10.66,0.75,36,5.2
2023-10-16T13:23:00Z,17,0.58,11.63,1,35,5.05
2023-10-16T14:23:00Z,20,0.53,12.8,0.77,36,5.56
2023-10-16T15:23:00Z,19,0.43,11.63,0.75,35,5.82
2023-10-16T16:23:00Z,18,0.46,12.8,0.76,35,5.52
2023-10-16T17:23:00Z,18,0.36,9.48,0.58,35,6.13
2023-10-16T18:23:00Z,16,0.36,10.23,0.58,36,6.31
2023-10-16T19:23:00Z,16,0.41,11.63,0.69,36,5.8
2023-10-16T20:23:00Z,16,0.38,11.13,0.62,35,6.56
2023-10-16T21:23:00Z,15,0.38,11.63,0.63,34,6.28
2023-10-16T22:23:00Z,14,0.43,11.13,0.72,34,5.55
2023-10-16T23:23:00Z,14,0.44,10.66,0.68,34,5.05
2023-10-17T00:23:00Z,13,0.4,10.66,0.68,36,5.44
2023-10-17T01:23:00Z,12,0.36,9.14,0.61,35,4.93
2023-10-17T02:23:00Z,12,0.41,9.48,0.71,35,5.01
2023-10-17T03:23:00Z,12,0.38,10.23,0.55,34,6.32
2023-10-17T04:23:00Z,12,0.37,10.66,0.61,35,5.79
2023-10-17T05:23:00Z,12,0.32,9.48,0.53,38,5.48
2023-10-17T06:23:00Z,12,0.35,10.66,0.57,37,5.55
2023-10-17T07:23:00Z,12,0.33,11.13,0.56,35,4.68
2023-10-17T08:23:00Z,12,0.32,11.13,0.58,34,4.35
2023-10-17T09:23:00Z,12,0.32,10.23,0.52,35,4.79
2023-10-17T10:23:00Z,12,0.27,9.84,0.43,37,4.83
2023-10-17T11:23:00Z,12,0.3,10.23,0.48,35,4.38
2023-10-17T12:23:00Z,14,0.33,10.23,0.55,37,3.72
2023-10-17T13:23:00Z,13,0.31,9.84,0.52,35,4.72
2023-10-17T14:23:00Z,14,0.33,9.84,0.56,35,5.66
2023-10-17T15:23:00Z,16,0.3,9.48,0.49,35,4.67
2023-10-17T16:23:00Z,17,0.32,9.84,0.56,35,4.65
2023-10-17T17:23:00Z,14,0.26,8.82,0.45,37,4.72
2023-10-17T18:23:00Z,15,0.28,9.14,0.49,35,4.65
2023-10-17T19:23:00Z,15,0.31,9.14,0.5,35,6.09
2023-10-17T20:23:00Z,14,0.25,9.84,0.44,35,4.94
2023-10-17T21:23:00Z,14,0.24,8.82,0.4,34,5.45
2023-10-17T22:23:00Z,13,0.26,9.14,0.4,35,5.23
2023-10-17T23:23:00Z,12,0.23,8.53,0.37,35,5.07
2023-10-18T01:23:00Z,12,0.27,9.84,0.48,35,5.08
2023-10-18T02:23:00Z,12,0.33,9.48,0.54,37,4.15
2023-10-18T03:23:00Z,11,0.29,8,0.46,36,5.17
2023-10-18T04:23:00Z,11,0.27,10.66,0.44,36,5.41
2023-10-18T05:23:00Z,10,0.24,8,0.41,36,5.21
2023-10-18T06:23:00Z,10,0.24,9.48,0.39,37,5.45
2023-10-18T07:23:00Z,9,0.23,8.25,0.42,37,4.57
2023-10-18T08:23:00Z,9,0.19,8.53,0.31,35,5.28
2023-10-18T09:23:00Z,9,0.2,8.53,0.33,34,5.47
2023-10-18T10:23:00Z,9,0.22,8.25,0.34,34,5.54
2023-10-18T11:23:00Z,11,0.24,16,0.42,41,5.21
2023-10-18T12:23:00Z,15,0.31,6.4,0.52,34,4.4
2023-10-18T13:23:00Z,21,0.24,7.11,0.43,38,4.74
2023-10-18T14:23:00Z,19,0.25,7.31,0.39,35,5.17
2023-10-18T15:23:00Z,19,0.23,8.25,0.39,34,5.33
2023-10-18T16:23:00Z,17,0.22,8,0.36,34,5.22
2023-10-18T17:23:00Z,17,0.22,9.14,0.39,36,4.85
2023-10-18T18:23:00Z,16,0.22,7.75,0.37,37,4.74
2023-10-18T19:23:00Z,16,0.19,15.05,0.33,39,4.25
2023-10-18T20:23:00Z,16,0.19,12.19,0.32,36,4.67
2023-10-18T21:23:00Z,15,0.18,8.53,0.3,35,4.6
2023-10-18T22:23:00Z,14,0.18,7.52,0.31,37,4.31
2023-10-18T23:23:00Z,13,0.19,7.11,0.34,34,4.36
2023-10-19T00:23:00Z,12,0.22,10.23,0.38,35,4.45
2023-10-19T01:23:00Z,13,0,16,0,33,11.9
2023-10-19T02:23:00Z,13,0.24,9.84,0.42,37,4.3
2023-10-19T03:23:00Z,13,0.26,9.84,0.45,35,4.88
2023-10-19T04:23:00Z,12,0.26,17.06,0.45,39,4.18
2023-10-19T05:23:00Z,12,0.21,10.66,0.36,35,4.22
2023-10-19T06:23:00Z,12,0.25,10.23,0.41,36,4.09
2023-10-19T07:23:00Z,12,0.23,8.53,0.39,37,3.97
2023-10-19T08:23:00Z,12,0.23,4.49,0.39,36,4.71
2023-10-19T09:23:00Z,12,0.2,8.25,0.33,36,4.6
2023-10-19T10:23:00Z,12,0.22,8,0.38,36,4.11
2023-10-19T11:23:00Z,13,0.24,8.53,0.4,40,3.72
2023-10-19T12:23:00Z,15,0.18,9.48,0.34,36,4.67
2023-10-19T13:23:00Z,16,0.18,8,0.31,35,5.01
2023-10-19T14:23:00Z,18,0.22,12.19,0.37,37,4.82
2023-10-19T15:23:00Z,20,0.23,7.31,0.38,35,4.23
2023-10-19T16:23:00Z,22,0.19,7.75,0.32,35,5.56
2023-10-19T17:23:00Z,22,0.17,9.14,0.29,35,5.48
2023-10-19T18:23:00Z,19,0.2,11.13,0.33,35,4.86
2023-10-19T19:23:00Z,19,0.21,3.6,0.34,36,3.7
2023-10-19T20:23:00Z,18,0.18,17.06,0.29,41,4.73
2023-10-19T21:23:00Z,17,0.2,3.45,0.31,35,4.28
2023-10-19T22:23:00Z,15,0.21,11.63,0.38,38,4.08
2023-10-19T23:23:00Z,15,0.18,6.73,0.3,38,4.48
2023-10-20T00:23:00Z,15,0.21,16,0.36,39,4.44
2023-10-20T01:23:00Z,15,0.2,10.23,0.33,34,3.86
2023-10-20T02:23:00Z,14,0.22,13.47,0.38,38,3.93
2023-10-20T03:23:00Z,13,0.23,6.73,0.47,37,3.71
2023-10-20T04:23:00Z,13,0.22,4.41,0.38,35,4.14
2023-10-20T05:23:00Z,14,0.24,7.11,0.39,34,3.46
2023-10-20T06:23:00Z,13,0.2,8.82,0.33,37,4.57
2023-10-20T07:23:00Z,13,0.21,9.84,0.33,35,4.16
2023-10-20T08:23:00Z,13,0.21,10.23,0.39,34,4.15
2023-10-20T09:23:00Z,13,0.19,8.25,0.32,35,4.19
2023-10-20T10:23:00Z,13,0.18,8.82,0.35,34,4.2
2023-10-20T11:23:00Z,14,0.2,8,0.37,36,3.97
2023-10-20T12:23:00Z,18,0.26,6.73,0.46,37,3.57
2023-10-20T13:23:00Z,21,0.33,2.3,0.59,35,3.1
2023-10-20T14:23:00Z,22,0.47,2.53,0.76,36,2.87
2023-10-20T15:23:00Z,23,0.4,2.75,0.7,35,2.94
2023-10-20T16:23:00Z,22,0.49,2.37,0.8,35,2.95
2023-10-20T17:23:00Z,23,0.47,2.69,0.82,36,2.96
2023-10-20T18:23:00Z,21,0.37,4.49,0.66,45,3.2
2023-10-20T19:23:00Z,20,0.33,6.91,0.6,36,3.39
2023-10-20T20:23:00Z,18,0.38,4.33,0.69,43,3.79
2023-10-20T21:23:00Z,17,0.47,4.83,0.83,41,3.97
2023-10-20T22:23:00Z,17,0.48,5.22,0.91,40,4.19
2023-10-20T23:23:00Z,17,0.44,5.01,0.76,40,4.03
2023-10-21T00:23:00Z,17,0.48,5.33,0.8,37,4.16
2023-10-21T01:23:00Z,16,0.49,5.33,0.83,43,3.71
2023-10-21T02:23:00Z,17,0.43,4.65,0.78,36,3.82
2023-10-21T03:23:00Z,17,0.41,5.22,0.75,42,3.84
2023-10-21T04:23:00Z,17,0.4,5.11,0.72,39,3.91
2023-10-21T05:23:00Z,17,0.41,5.01,0.71,38,3.98
2023-10-21T06:23:00Z,17,0.42,6.24,0.83,37,4.17
2023-10-21T07:23:00Z,17,0.43,5.22,0.75,41,4.14
2023-10-21T08:23:00Z,17,0.54,5.33,0.9,39,4.13
2023-10-21T09:23:00Z,17,0.62,5.44,0.99,42,4.22
2023-10-21T10:23:00Z,17,0.58,6.24,1.01,35,4.39
2023-10-21T11:23:00Z,17,0.61,8.25,1.06,35,4.42
2023-10-21T12:23:00Z,18,0.53,6.91,0.84,34,4.41
2023-10-21T13:23:00Z,18,0.65,8,1.16,34,4.25
2023-10-21T14:23:00Z,18,0.61,7.11,1.1,34,4.54
2023-10-21T15:23:00Z,18,0.69,7.75,1.18,36,5.09
2023-10-21T16:23:00Z,21,0.84,8,1.41,35,5.08
2023-10-21T17:23:00Z,22,0.86,8.25,1.5,35,4.98
2023-10-21T18:23:00Z,21,0.83,8,1.38,36,5.01
2023-10-21T19:23:00Z,22,0.85,8.53,1.34,34,5.11
2023-10-21T20:23:00Z,19,0.87,8.25,1.43,33,5.47
2023-10-21T21:23:00Z,18,0.86,9.84,1.29,34,5.54
2023-10-21T22:23:00Z,18,0.83,8.53,1.42,34,5.22
2023-10-21T23:23:00Z,18,0.84,10.23,1.48,34,5.3
2023-10-22T00:23:00Z,18,0.9,9.14,1.46,33,4.75
2023-10-22T01:23:00Z,18,0.98,10.66,1.59,34,4.68
2023-10-22T02:23:00Z,17,0.89,8.82,1.49,34,4.88
2023-10-22T03:23:00Z,17,0.9,9.48,1.47,34,4.81
2023-10-22T04:23:00Z,17,0.94,10.66,1.59,35,5.07
2023-10-22T05:23:00Z,17,0.98,9.48,1.62,34,5.28
2023-10-22T06:23:00Z,17,1.03,9.14,1.73,35,4.52
2023-10-22T07:23:00Z,17,1.04,10.23,1.67,34,4.9
2023-10-22T08:23:00Z,17,1.02,9.48,1.82,34,4.95
2023-10-22T09:23:00Z,17,1.01,8.53,1.57,34,4.98
2023-10-22T10:23:00Z,17,1.1,10.66,1.81,35,5.26
2023-10-22T11:23:00Z,17,1.03,12.19,1.64,35,5.19
2023-10-22T12:23:00Z,17,1.02,10.66,1.59,34,5.36
2023-10-22T13:23:00Z,17,1.07,12.19,1.79,34,5.82
2023-10-22T14:23:00Z,18,1.05,12.8,1.56,34,6.66
2023-10-22T15:23:00Z,19,0.9,12.8,1.51,34,6.06
2023-10-22T16:23:00Z,18,0.87,12.8,1.46,35,5.55
2023-10-22T17:23:00Z,19,0.86,12.8,1.46,35,5.42
2023-10-22T18:23:00Z,17,0.81,12.8,1.35,34,4.83
2023-10-22T19:23:00Z,17,0.74,12.8,1.19,34,5.25
2023-10-22T20:23:00Z,16,0.74,13.47,1.17,34,5.18
2023-10-22T21:23:00Z,15,0.69,12.8,1.02,34,5.76
2023-10-22T22:23:00Z,14,0.68,12.8,1.11,34,6.72
2023-10-22T23:23:00Z,14,0.7,12.8,1.1,34,6.34
2023-10-23T00:23:00Z,14,0.72,12.19,1.19,34,5.95
2023-10-23T01:23:00Z,13,0.67,13.47,1.08,34,5.63
2023-10-23T02:23:00Z,13,0.73,11.13,1.18,34,5.8
2023-10-23T03:23:00Z,12,0.75,12.19,1.18,34,6.24
2023-10-23T04:23:00Z,12,0.71,12.19,1.18,34,5.93
2023-10-23T05:23:00Z,12,0.67,11.63,1.01,34,5.56
2023-10-23T06:23:00Z,12,0.56,9.48,0.93,34,5.14
2023-10-23T07:23:00Z,11,0.54,10.66,0.86,34,5.39
2023-10-23T08:23:00Z,11,0.5,6.24,0.77,34,4.87
2023-10-23T09:23:00Z,11,0.47,11.63,0.8,35,5.85
2023-10-23T10:23:00Z,11,0.39,12.8,0.67,35,5.8
2023-10-23T11:23:00Z,12,0.41,11.63,0.69,34,5.49
2023-10-23T12:23:00Z,13,0.33,10.66,0.54,36,5.99
2023-10-23T13:23:00Z,14,0.33,11.63,0.55,34,5.17
2023-10-23T14:23:00Z,14,0.35,10.23,0.66,34,3.97
2023-10-23T15:23:00Z,18,0.39,11.13,0.66,35,3.33
2023-10-23T16:23:00Z,17,0.39,2.24,0.7,35,3.09
2023-10-23T17:23:00Z,18,0.44,10.23,0.7,35,2.95
2023-10-23T18:23:00Z,17,0.43,2.46,0.74,36,3.02
2023-10-23T19:23:00Z,17,0.4,9.48,0.68,36,3.33
2023-10-23T20:23:00Z,15,0.54,2.58,0.91,34,2.91
2023-10-23T21:23:00Z,12,0.48,2.39,0.79,35,2.91
2023-10-23T22:23:00Z,11,0.38,2.2,0.65,34,2.88
2023-10-23T23:23:00Z,11,0.31,10.23,0.5,36,3.43
2023-10-24T00:23:00Z,10,0.27,10.23,0.49,34,3.14
2023-10-24T01:23:00Z,10,0.26,9.84,0.46,35,3.44
2023-10-24T02:23:00Z,9,0.21,16,0.36,42,4.46
2023-10-24T03:23:00Z,9,0.2,10.66,0.34,36,4.98
2023-10-24T04:23:00Z,9,0.2,10.23,0.35,35,5.62
2023-10-24T05:23:00Z,9,0.18,10.66,0.34,37,5.12
2023-10-24T06:23:00Z,9,0.23,10.23,0.36,35,4.93
2023-10-24T07:23:00Z,8,0.19,8.53,0.32,35,5.25
2023-10-24T08:23:00Z,7,0.2,9.84,0.39,35,5.61
2023-10-24T09:23:00Z,7,0.21,9.48,0.34,38,5.82
2023-10-24T10:23:00Z,7,0.19,9.48,0.33,37,5.49
2023-10-24T11:23:00Z,9,0.21,9.84,0.35,38,5.6
2023-10-24T12:23:00Z,14,0.27,3.5,0.43,34,4.63
2023-10-24T13:23:00Z,17,0.21,9.84,0.36,36,5.2
2023-10-24T14:23:00Z,20,0.19,9.48,0.33,36,5.18
2023-10-24T15:23:00Z,21,0.2,10.23,0.36,35,4.84
2023-10-24T16:23:00Z,18,0.24,9.14,0.4,37,5
2023-10-24T17:23:00Z,20,0.26,9.14,0.43,41,3.18
2023-10-24T18:23:00Z,21,0.27,15.05,0.46,43,3.91
2023-10-24T19:23:00Z,20,0.21,9.48,0.35,34,3.97
2023-10-24T20:23:00Z,17,0.26,9.84,0.42,35,4.17
2023-10-24T21:23:00Z,13,0.23,11.13,0.4,36,3.45
2023-10-24T22:23:00Z,12,0.21,8.82,0.36,36,4.32
2023-10-24T23:23:00Z,12,0.23,8.53,0.37,36,4.01
2023-10-25T00:23:00Z,12,0.21,9.14,0.37,37,4.77
2023-10-25T01:23:00Z,11,0.21,8.53,0.38,34,4.22
2023-10-25T02:23:00Z,11,0.18,8.25,0.32,37,4.37
2023-10-25T03:23:00Z,12,0.19,8.53,0.37,35,4.52
2023-10-25T04:23:00Z,13,0.17,8.25,0.29,35,4.4
2023-10-25T05:23:00Z,14,0.18,10.66,0.3,35,3.97
2023-10-25T06:23:00Z,14,0.2,9.84,0.35,37,3.72
2023-10-25T07:23:00Z,15,0.21,9.48,0.36,41,3.86
2023-10-25T08:23:00Z,15,0.28,8.53,0.51,35,3.53
2023-10-25T09:23:00Z,14,0.23,12.19,0.4,43,3.86
2023-10-25T10:23:00Z,14,0.21,8.53,0.35,34,4.27
2023-10-25T11:23:00Z,15,0.23,14.22,0.39,42,3.75
2023-10-25T12:23:00Z,19,0.26,14.22,0.46,44,4.11
2023-10-25T13:23:00Z,20,0.28,4.26,0.49,34,3.44
2023-10-25T15:23:00Z,19,0.3,18.28,0.5,37,3.34
2023-10-25T16:23:00Z,19,0.4,2.32,0.69,34,2.97
2023-10-25T18:23:00Z,22,0.42,2.84,0.68,35,3
2023-10-25T19:23:00Z,19,0.4,2.32,0.69,35,3.06
2023-10-25T20:23:00Z,18,0.4,2.55,0.71,35,3.06
2023-10-25T21:23:00Z,17,0.42,2.48,0.76,35,3.03
2023-10-25T22:23:00Z,16,0.4,2.61,0.6,35,3.06
2023-10-25T23:23:00Z,16,0.39,3.08,0.67,35,3.25
2023-10-26T00:23:00Z,17,0.5,2.72,0.89,34,3.18
2023-10-26T01:23:00Z,16,0.43,2.55,0.75,34,3.19
2023-10-26T02:23:00Z,16,0.41,2.97,0.74,36,3.16
2023-10-26T03:23:00Z,17,0.35,17.06,0.62,40,3.45
2023-10-26T04:23:00Z,16,0.44,3.08,0.79,34,3.22
2023-10-26T05:23:00Z,16,0.38,2.66,0.73,36,3.46
2023-10-26T06:23:00Z,17,0.36,4.12,0.66,39,3.49
2023-10-26T07:23:00Z,17,0.31,3.82,0.54,34,3.51
2023-10-26T08:23:00Z,16,0.36,5.11,0.62,41,3.73
2023-10-26T09:23:00Z,16,0.34,5.11,0.6,37,3.6
2023-10-26T10:23:00Z,15,0.3,6.56,0.51,36,3.69
2023-10-26T11:23:00Z,17,0.31,5.56,0.61,37,3.46
2023-10-26T12:23:00Z,21,0.27,5.11,0.47,41,4.06
2023-10-26T13:23:00Z,25,0.25,4,0.44,34,3.78
2023-10-26T14:23:00Z,27,0.28,3.87,0.48,33,3.74
2023-10-26T15:23:00Z,27,0.27,15.05,0.47,36,3.89
2023-10-26T16:23:00Z,28,0.3,4.57,0.51,39,3.62
2023-10-26T17:23:00Z,23,0.34,4,0.6,35,3.67
2023-10-26T18:23:00Z,24,0.3,4.74,0.56,38,3.57
2023-10-26T19:23:00Z,21,0.33,4.65,0.59,43,3.58
2023-10-26T20:23:00Z,21,0.31,4.26,0.56,41,3.6
2023-10-26T21:23:00Z,17,0.31,4.65,0.57,42,3.61
2023-10-26T22:23:00Z,16,0.29,3.82,0.56,35,3.45
2023-10-26T23:23:00Z,15,0.21,15.05,0.4,41,3.91
2023-10-27T00:23:00Z,15,0.22,6.91,0.42,35,3.7
2023-10-27T01:23:00Z,15,0.25,6.4,0.45,36,3.7
2023-10-27T02:23:00Z,15,0.22,5.11,0.42,38,4.06
2023-10-27T03:23:00Z,16,0.23,6.09,0.42,36,4.05
2023-10-27T04:23:00Z,16,0.22,5.68,0.35,38,4.14
2023-10-27T05:23:00Z,16,0.24,5.01,0.42,36,4.02
2023-10-27T06:23:00Z,16,0.23,5.22,0.41,37,4.16
2023-10-27T07:23:00Z,16,0.25,4.49,0.5,35,4.05
2023-10-27T08:23:00Z,16,0.31,17.06,0.52,38,4.26
2023-10-27T09:23:00Z,16,0.29,5.11,0.52,42,3.54
2023-10-27T10:23:00Z,15,0.37,2.28,0.68,35,3.09
2023-10-27T11:23:00Z,16,0.36,2.66,0.62,36,3.25
2023-10-27T12:23:00Z,16,0.31,16,0.53,40,3.36
2023-10-27T13:23:00Z,16,0.29,17.06,0.54,46,3.31
2023-10-27T14:23:00Z,17,0.3,8.53,0.55,42,3.28
2023-10-27T15:23:00Z,17,0.35,17.06,0.61,37,3.6
2023-10-27T16:23:00Z,18,0.29,17.06,0.47,37,3.67
2023-10-27T17:23:00Z,19,0.28,2.87,0.46,36,3.52
2023-10-27T18:23:00Z,18,0.24,5.11,0.46,42,3.68
2023-10-27T19:23:00Z,17,0.27,15.05,0.43,39,3.66
2023-10-27T20:23:00Z,16,0.29,15.05,0.53,41,3.8
2023-10-27T21:23:00Z,16,0.3,13.47,0.52,38,4.05
2023-10-27T22:23:00Z,16,0,16,0,33,11.33
2023-10-27T23:23:00Z,16,0.3,13.47,0.57,36,4.31
2023-10-28T00:23:00Z,15,0.35,13.47,0.62,35,3.81
2023-10-28T01:23:00Z,15,0.35,13.47,0.61,35,3.92
2023-10-28T02:23:00Z,15,0.31,13.47,0.54,35,3.94
2023-10-28T03:23:00Z,15,0.34,13.47,0.55,34,4.12
2023-10-28T04:23:00Z,15,0.34,13.47,0.56,34,4.14
2023-10-28T05:23:00Z,16,0.33,12.8,0.57,34,4.25
2023-10-28T06:23:00Z,16,0.4,12.19,0.69,34,4.33
2023-10-28T07:23:00Z,16,0.45,12.8,0.8,35,4.15
2023-10-28T08:23:00Z,16,0.45,12.19,0.71,34,5.16
2023-10-28T09:23:00Z,16,0.47,12.19,0.77,34,4.76
2023-10-28T10:23:00Z,16,0.42,11.13,0.69,37,4.37
2023-10-28T11:23:00Z,16,0.51,12.19,0.89,35,4.85
2023-10-28T12:23:00Z,18,0.46,11.13,0.83,34,4.65
2023-10-28T13:23:00Z,22,0.43,11.63,0.73,34,4.91
2023-10-28T14:23:00Z,26,0.47,11.63,0.82,35,4.68
2023-10-28T15:23:00Z,27,0.52,12.8,0.85,34,5.14
2023-10-28T16:23:00Z,27,0.45,12.19,0.77,34,4.13
2023-10-28T17:23:00Z,28,0.45,12.19,0.79,34,4.11
2023-10-28T18:23:00Z,26,0.51,12.19,0.81,34,3.9
2023-10-28T19:23:00Z,25,0.47,11.13,0.77,35,3.71
2023-10-28T20:23:00Z,22,0.45,12.19,0.76,34,4.23
2023-10-28T21:23:00Z,19,0.45,11.63,0.76,35,3.98
2023-10-28T22:23:00Z,18,0.57,11.63,0.95,35,4.22
2023-10-28T23:23:00Z,18,0.5,11.13,0.87,35,4.26
2023-10-29T00:23:00Z,19,0.51,10.66,0.9,36,4.17
2023-10-29T01:23:00Z,20,0.47,10.66,0.85,35,4.66
2023-10-29T02:23:00Z,20,0.43,11.13,0.72,35,4.76
2023-10-29T03:23:00Z,19,0.43,10.66,0.73,35,4.7
2023-10-29T04:23:00Z,19,0.39,11.63,0.65,34,5.43
2023-10-29T05:23:00Z,18,0.43,9.84,0.73,35,3.94
2023-10-29T06:23:00Z,15,0.58,2.69,1.05,34,2.92
2023-10-29T07:23:00Z,13,0.5,2.28,0.81,34,3.01
2023-10-29T08:23:00Z,12,0.39,10.23,0.64,35,3.26
2023-10-29T09:23:00Z,11,0.44,9.84,0.79,35,3.08
2023-10-29T10:23:00Z,10,0.35,9.84,0.6,36,3.98
2023-10-29T11:23:00Z,11,0.34,9.48,0.59,40,3.79
2023-10-29T12:23:00Z,13,0.31,10.66,0.54,37,5.39
2023-10-29T13:23:00Z,14,0.31,10.23,0.54,37,4.2
2023-10-29T14:23:00Z,17,0.32,10.23,0.56,37,4.12
2023-10-29T15:23:00Z,15,0.33,8.82,0.55,38,5.67
2023-10-29T16:23:00Z,15,0.26,9.48,0.43,37,6.5
2023-10-29T17:23:00Z,15,0.22,10.23,0.4,38,5.8
2023-10-29T18:23:00Z,17,0.23,9.14,0.4,34,6.09
2023-10-29T20:23:00Z,13,0.25,10.23,0.39,34,6.02
2023-10-29T21:23:00Z,12,0.22,9.14,0.36,34,6.17
2023-10-29T22:23:00Z,11,0.24,9.84,0.39,35,6.55
2023-10-29T23:23:00Z,11,0.25,9.48,0.44,35,5.38
2023-10-30T00:23:00Z,10,0.26,9.48,0.41,35,6.23
2023-10-30T01:23:00Z,10,0.25,8.53,0.4,36,5.85
2023-10-30T02:23:00Z,10,0.27,10.66,0.48,36,5.96
2023-10-30T03:23:00Z,9,0.26,8.25,0.46,37,4.96
2023-10-30T04:23:00Z,9,0.24,9.14,0.38,35,5.3
2023-10-30T05:23:00Z,8,0.22,10.23,0.33,35,6.33
2023-10-30T06:23:00Z,8,0.24,9.48,0.42,35,6.58
2023-10-30T07:23:00Z,8,0.22,9.14,0.36,35,6.27
2023-10-30T08:23:00Z,7,0.19,9.84,0.31,34,6.23
2023-10-30T09:23:00Z,7,0.21,9.14,0.31,34,6.38
2023-10-30T10:23:00Z,7,0.19,9.48,0.3,35,5.44
2023-10-30T11:23:00Z,7,0.2,9.14,0.35,36,4.82
2023-10-30T12:23:00Z,6,0.21,9.14,0.31,35,5.57
2023-10-30T13:23:00Z,6,0.22,8.82,0.36,39,5.72
2023-10-30T14:23:00Z,7,0.22,8,0.37,39,4.59
2023-10-30T15:23:00Z,7,0.22,17.06,0.37,45,5.54
2023-10-30T16:23:00Z,7,0.21,8.82,0.33,35,5.94
2023-10-30T18:23:00Z,7,0.22,8,0.37,39,4.9
2023-10-30T19:23:00Z,6,0.21,14.22,0.38,42,3.59
2023-10-30T20:23:00Z,6,0.18,8.53,0.32,36,4.69
2023-10-30T21:23:00Z,6,0.23,8.25,0.41,35,4.83
2023-10-30T22:23:00Z,7,0.21,12.8,0.36,42,4.61
2023-10-30T23:23:00Z,7,0.25,16,0.46,45,4.24
2023-10-31T00:23:00Z,7,0.23,8,0.41,38,4.07
2023-10-31T01:23:00Z,8,0.34,7.52,0.59,38,3.92
2023-10-31T02:23:00Z,8,0.33,8,0.56,37,3.82
2023-10-31T03:23:00Z,8,0.38,17.06,0.7,44,3.97
2023-10-31T04:23:00Z,7,0.39,4.74,0.67,40,4.11
2023-10-31T05:23:00Z,7,0.35,4.92,0.62,38,4.38
2023-10-31T06:23:00Z,7,0.33,5.44,0.53,37,4.11
2023-10-31T07:23:00Z,8,0.3,5.44,0.55,37,4.23
2023-10-31T08:23:00Z,8,0.26,4.83,0.45,42,4.09
2023-10-31T09:23:00Z,8,0.27,5.56,0.47,39,3.71
2023-10-31T10:23:00Z,8,0.31,5.01,0.49,37,3.29
2023-10-31T11:23:00Z,8,0.3,6.24,0.46,36,4.9
2023-10-31T12:23:00Z,8,0.29,5.44,0.46,42,3.88
2023-10-31T13:23:00Z,9,0.32,2.3,0.53,34,3.1
2023-10-31T14:23:00Z,13,0.34,7.52,0.56,37,3.12
2023-10-31T15:23:00Z,16,0.35,8,0.57,38,3.83
2023-10-31T16:23:00Z,15,0.32,7.52,0.54,38,3.84
2023-10-31T17:23:00Z,16,0.31,7.31,0.51,35,4.84
2023-10-31T18:23:00Z,15,0.29,7.11,0.5,35,3.9
2023-10-31T19:23:00Z,13,0.26,6.73,0.44,37,4.23
2023-10-31T20:23:00Z,11,0,16,0,33,10.7
2023-10-31T21:23:00Z,8,0.21,6.4,0.33,39,5.51
2023-10-31T22:23:00Z,8,0.19,8.25,0.3,37,5.61
2023-10-31T23:23:00Z,7,0.26,7.75,0.43,36,4.02
2023-11-01T00:23:00Z,6,0.18,7.52,0.28,37,5.45
2023-11-01T01:23:00Z,6,0.17,8,0.27,36,5.85
2023-11-01T02:23:00Z,7,0.19,7.31,0.32,37,5.91
2023-11-01T03:23:00Z,7,0.22,16,0.38,42,5.25
2023-11-01T04:23:00Z,6,0.21,8.25,0.33,35,6.03
2023-11-01T05:23:00Z,5,0.22,9.84,0.37,40,5.78
2023-11-01T06:23:00Z,5,0.17,8.53,0.28,38,5.6
2023-11-01T07:23:00Z,5,0.22,8.53,0.35,38,4.64
2023-11-01T08:23:00Z,5,0.21,6.56,0.39,37,4.37
2023-11-01T09:23:00Z,5,0.23,15.05,0.4,43,5.37
2023-11-01T10:23:00Z,5,0.23,16,0.42,44,4.79
2023-11-01T11:23:00Z,5,0.24,16,0.42,42,4.76
2023-11-01T12:23:00Z,5,0.21,8.25,0.37,37,4.39
2023-11-01T13:23:00Z,5,0.26,8.82,0.47,35,3.84
2023-11-01T14:23:00Z,5,0.26,16,0.44,43,4.9
2023-11-01T15:23:00Z,4,0.29,8.53,0.51,39,4.04
2023-11-01T16:23:00Z,3,0.28,8.25,0.46,40,3.16
2023-11-01T17:23:00Z,4,0.3,2.15,0.5,34,2.84
2023-11-01T18:23:00Z,4,0.34,2.28,0.55,35,2.77
2023-11-01T19:23:00Z,4,0.37,2.28,0.63,36,2.71
2023-11-01T20:23:00Z,5,0.36,2.37,0.58,35,2.68
2023-11-01T21:23:00Z,5,0.34,2.43,0.56,35,2.73
2023-11-01T22:23:00Z,5,0.38,2.37,0.63,35,2.72
2023-11-01T23:23:00Z,5,0.35,2.28,0.6,36,2.71
2023-11-02T00:23:00Z,6,0.42,2.75,0.69,34,2.75
2023-11-02T01:23:00Z,5,0.43,2.58,0.73,36,2.74
2023-11-02T02:23:00Z,5,0.44,2.75,0.75,34,2.7
2023-11-02T03:23:00Z,5,0.47,2.55,0.8,35,2.63
2023-11-02T04:23:00Z,5,0.42,2.53,0.71,35,2.67
2023-11-02T05:23:00Z,4,0.36,2.28,0.63,36,2.63
2023-11-02T06:23:00Z,4,0.33,2.37,0.52,35,2.62
2023-11-02T07:23:00Z,4,0.3,2.43,0.53,36,2.73
2023-11-02T08:23:00Z,3,0.31,2.37,0.52,35,2.67
2023-11-02T09:23:00Z,3,0.31,2.34,0.52,35,2.72
2023-11-02T10:23:00Z,2,0.28,2.28,0.44,34,3.03
2023-11-02T11:23:00Z,4,0.29,9.84,0.48,42,3.57
2023-11-02T12:23:00Z,6,0.22,8,0.42,37,3.46
2023-11-02T13:23:00Z,10,0.35,2.41,0.61,35,2.9
2023-11-02T14:23:00Z,11,0.41,2.53,0.7,36,2.8
2023-11-02T15:23:00Z,13,0.42,2.39,0.75,35,2.7
2023-11-02T16:23:00Z,13,0.28,2.3,0.5,39,2.62
2023-11-02T17:23:00Z,13,0.22,2.18,0.36,35,2.9
2023-11-02T18:23:00Z,12,0.23,18.28,0.41,42,3.71
2023-11-02T19:23:00Z,11,0.18,16,0.31,42,5.42
2023-11-02T20:23:00Z,9,0.16,10.23,0.26,43,5.59
2023-11-02T21:23:00Z,6,0.16,15.05,0.26,39,6.26
2023-11-02T22:23:00Z,5,0.19,9.84,0.31,34,4.26
2023-11-02T23:23:00Z,5,0.2,8.82,0.31,36,5.76
2023-11-03T00:23:00Z,5,0.15,8.25,0.27,37,5.92
2023-11-03T01:23:00Z,5,0.19,10.23,0.34,36,6.41
2023-11-03T02:23:00Z,5,0.21,10.66,0.36,37,6.42
2023-11-03T03:23:00Z,5,0.22,9.84,0.37,35,6.16
2023-11-03T04:23:00Z,5,0.19,10.66,0.33,37,6.28
2023-11-03T05:23:00Z,5,0.24,10.66,0.39,36,6.17
2023-11-03T06:23:00Z,5,0.21,10.23,0.34,35,5.84
2023-11-03T07:23:00Z,5,0.2,9.84,0.35,36,6.49
2023-11-03T08:23:00Z,6,0.18,10.23,0.28,35,5.77
2023-11-03T09:23:00Z,6,0.22,9.48,0.37,35,4.86
2023-11-03T10:23:00Z,6,0.2,9.48,0.31,36,5.63
2023-11-03T11:23:00Z,7,0.19,10.23,0.32,34,6.09
2023-11-03T12:23:00Z,11,0.16,9.84,0.29,34,5.38
2023-11-03T13:23:00Z,12,0.19,9.84,0.3,37,4.73
2023-11-03T14:23:00Z,15,0.24,9.84,0.42,35,3.8
2023-11-03T15:23:00Z,12,0.25,9.48,0.42,34,3.79
2023-11-03T16:23:00Z,12,0.22,9.14,0.39,36,4.34
2023-11-03T17:23:00Z,14,0.41,3.08,0.71,36,3.13
2023-11-03T18:23:00Z,11,0.47,3.76,0.8,34,2.96
2023-11-03T19:23:00Z,12,0.37,3.71,0.67,37,3.27
2023-11-03T20:23:00Z,10,0.33,4.49,0.54,39,3.55
2023-11-03T21:23:00Z,10,0.29,4.74,0.52,43,3.74
2023-11-03T22:23:00Z,10,0.34,4.83,0.67,43,3.56
2023-11-03T23:23:00Z,9,0.37,4.26,0.65,39,3.55
2023-11-04T00:23:00Z,8,0.31,4,0.53,36,3.43
2023-11-04T01:23:00Z,9,0.34,9.48,0.59,36,3.84
2023-11-04T02:23:00Z,9,0.31,5.68,0.55,36,3.85
2023-11-04T03:23:00Z,10,0.33,5.95,0.55,39,3.83
2023-11-04T04:23:00Z,11,0.4,6.24,0.69,37,3.37
2023-11-04T05:23:00Z,12,0.39,5.81,0.66,36,3.45
2023-11-04T06:23:00Z,12,0.41,2.66,0.72,35,3.33
2023-11-04T07:23:00Z,13,0.41,4.92,0.7,39,3.37
2023-11-04T08:23:00Z,13,0.45,2.39,0.79,34,3.15
2023-11-04T09:23:00Z,13,0.47,6.56,0.82,35,3.55
2023-11-04T10:23:00Z,13,0.46,6.4,0.84,36,3.75
2023-11-04T11:23:00Z,14,0.46,5.44,0.79,39,3.69
2023-11-04T12:23:00Z,15,0.48,5.11,0.78,41,3.42
2023-11-04T13:23:00Z,16,0.43,6.4,0.75,35,3.46
2023-11-04T14:23:00Z,18,0.47,5.56,0.82,36,3.47
2023-11-04T15:23:00Z,19,0.46,17.06,0.76,42,3.66
2023-11-04T16:23:00Z,19,0.44,6.09,0.79,37,3.46
2023-11-04T17:23:00Z,22,0.42,6.09,0.75,37,3.65
2023-11-04T18:23:00Z,20,0.36,6.09,0.64,36,3.86
2023-11-04T19:23:00Z,18,0.4,5.81,0.75,36,3.89
2023-11-04T20:23:00Z,16,0.39,5.56,0.68,40,3.87
2023-11-04T21:23:00Z,15,0.46,7.11,0.89,35,3.8
2023-11-04T22:23:00Z,14,0.48,5.22,0.79,42,3.96
2023-11-04T23:23:00Z,13,0.48,4.92,0.84,37,4.07
2023-11-05T00:23:00Z,13,0.4,5.33,0.64,38,3.95
2023-11-05T01:23:00Z,13,0.44,6.09,0.79,36,4.02
2023-11-05T02:23:00Z,13,0.4,6.09,0.67,34,4.14
2023-11-05T03:23:00Z,13,0.39,5.22,0.69,38,3.99
2023-11-05T04:23:00Z,13,0.37,5.33,0.62,36,3.98
2023-11-05T05:23:00Z,12,0.35,5.81,0.68,34,3.99
2023-11-05T06:23:00Z,12,0.38,5.95,0.65,35,4.02
2023-11-05T07:23:00Z,12,0.41,5.68,0.65,40,3.97
2023-11-05T08:23:00Z,12,0.39,6.24,0.61,36,4.1
2023-11-05T09:23:00Z,12,0.34,6.09,0.53,35,4.19
2023-11-05T10:23:00Z,12,0.36,6.24,0.66,36,4.2
2023-11-05T11:23:00Z,11,0.34,5.95,0.59,34,4.2
2023-11-05T12:23:00Z,12,0.3,5.44,0.47,41,4.05
2023-11-05T13:23:00Z,13,0.33,5.44,0.54,36,4.3
2023-11-05T14:23:00Z,14,0.32,5.22,0.55,38,4.09
2023-11-05T15:23:00Z,16,0.29,4.74,0.46,39,3.98
2023-11-05T16:23:00Z,20,0.29,4.92,0.5,44,4.19
2023-11-05T17:23:00Z,21,0.31,5.68,0.54,36,4.33
2023-11-05T18:23:00Z,16,0.3,5.56,0.53,45,4.01
2023-11-05T19:23:00Z,14,0.31,5.33,0.49,37,4.14
2023-11-05T20:23:00Z,14,0,16,0,33,10.72
2023-11-05T21:23:00Z,13,0.24,11.63,0.39,38,4.65
2023-11-05T22:23:00Z,12,0.28,14.22,0.44,40,3.59
2023-11-05T23:23:00Z,11,0.26,7.52,0.43,34,4.61
2023-11-06T00:23:00Z,10,0.26,10.66,0.43,35,5.53
2023-11-06T01:23:00Z,10,0.25,10.23,0.41,38,5.41
2023-11-06T02:23:00Z,9,0.28,9.84,0.46,34,6.16
2023-11-06T03:23:00Z,9,0.33,9.84,0.53,36,6.03
2023-11-06T04:23:00Z,8,0.35,8.53,0.61,35,5.61
2023-11-06T05:23:00Z,8,0.37,9.14,0.61,37,5.94
2023-11-06T06:23:00Z,7,0.4,9.14,0.67,35,5.11
2023-11-06T07:23:00Z,6,0.33,9.84,0.52,36,5.46
2023-11-06T08:23:00Z,6,0.33,8.53,0.51,36,6.34
2023-11-06T09:23:00Z,5,0.28,8.82,0.45,35,5.7
2023-11-06T10:23:00Z,5,0.29,8,0.52,36,4.76
2023-11-06T11:23:00Z,4,0.28,9.84,0.46,35,6.15
2023-11-06T12:23:00Z,7,0.27,8,0.48,36,5
2023-11-06T13:23:00Z,10,0.27,8.82,0.44,35,5.55
2023-11-06T14:23:00Z,12,0.26,10.23,0.42,36,5.99
2023-11-06T15:23:00Z,15,0.31,10.23,0.59,37,3.96
2023-11-06T16:23:00Z,16,0.26,9.48,0.42,37,5.91
2023-11-06T17:23:00Z,18,0.23,9.48,0.38,35,5.92
2023-11-06T18:23:00Z,17,0.25,9.14,0.43,35,5.46
2023-11-06T19:23:00Z,14,0.25,9.14,0.45,35,5.33
2023-11-06T20:23:00Z,10,0.25,8,0.4,36,5.19
2023-11-06T21:23:00Z,7,0.24,8.82,0.4,35,5.54
2023-11-06T22:23:00Z,6,0.23,8.25,0.39,35,5.75
2023-11-06T23:23:00Z,7,0.27,7.52,0.44,34,4.41
2023-11-07T00:23:00Z,7,0.22,8.82,0.37,34,5.77
2023-11-07T01:23:00Z,7,0.24,8.82,0.42,34,4.47
2023-11-07T02:23:00Z,7,0.19,8,0.3,34,6.06
2023-11-07T03:23:00Z,7,0.2,8.53,0.35,34,5.93
2023-11-07T04:23:00Z,7,0.2,8.53,0.32,34,5.02
2023-11-07T05:23:00Z,7,0.25,8.53,0.44,36,6.06
2023-11-07T07:23:00Z,7,0.29,9.14,0.46,35,3.5
2023-11-07T08:23:00Z,7,0.25,8.25,0.4,34,4.34
2023-11-07T09:23:00Z,7,0.23,8.25,0.38,36,4.31
2023-11-07T10:23:00Z,8,0.22,8.25,0.38,37,4.47
2023-11-07T11:23:00Z,9,0.28,8.53,0.49,35,3.68
2023-11-07T12:23:00Z,11,0.37,2.53,0.68,35,3.01
2023-11-07T13:23:00Z,14,0.47,2.72,0.78,35,3.1
2023-11-07T14:23:00Z,14,0.63,3.28,1.07,36,3.16
2023-11-07T15:23:00Z,14,0.73,3.55,1.3,42,3.04
2023-11-07T16:23:00Z,15,0.78,3.45,1.34,39,3.01
2023-11-07T17:23:00Z,15,0.74,4.19,1.34,42,3.13
2023-11-07T18:23:00Z,14,0.74,4.65,1.41,44,3.19
2023-11-07T19:23:00Z,14,0.71,4.19,1.24,40,3.37
2023-11-07T20:23:00Z,13,0.75,2.78,1.25,36,3.26
2023-11-07T21:23:00Z,13,0.8,3.71,1.42,39,3.29
2023-11-07T22:23:00Z,13,0.81,4.83,1.55,38,3.35
2023-11-07T23:23:00Z,13,0.88,4.65,1.44,37,3.54
2023-11-08T00:23:00Z,14,0.99,4.41,1.93,37,3.55
2023-11-08T01:23:00Z,14,1.06,5.22,1.71,40,3.77
2023-11-08T02:23:00Z,15,1.02,5.68,1.59,37,3.78
2023-11-08T03:23:00Z,15,0.99,5.33,1.83,39,3.53
2023-11-08T04:23:00Z,15,0.83,5.81,1.37,36,3.81
2023-11-08T05:23:00Z,15,0.79,5.44,1.39,39,4
2023-11-08T06:23:00Z,15,0.75,5.68,1.28,38,4.22
2023-11-08T07:23:00Z,14,0.7,6.09,1.31,36,4.31
2023-11-08T08:23:00Z,13,0,16,0,33,13.4
2023-11-08T09:23:00Z,12,0.57,5.68,0.99,37,4.42
2023-11-08T10:23:00Z,12,0.55,5.95,0.89,34,4.72
2023-11-08T11:23:00Z,10,0.43,5.44,0.75,42,4.25
2023-11-08T12:23:00Z,9,0.41,6.24,0.77,35,4.26
2023-11-08T13:23:00Z,10,0.39,8.53,0.69,35,3.77
2023-11-08T14:23:00Z,14,0.41,9.14,0.69,34,3.58
2023-11-08T15:23:00Z,12,0.36,8.53,0.63,38,3.43
2023-11-08T16:23:00Z,10,0.3,8.82,0.5,38,3.24
2023-11-08T17:23:00Z,10,0.3,7.75,0.54,37,3.33
2023-11-08T18:23:00Z,10,0.28,15.05,0.5,46,3.45
2023-11-08T19:23:00Z,8,0.29,8,0.54,36,3.29
2023-11-08T20:23:00Z,7,0.32,7.75,0.51,37,3.24
2023-11-08T21:23:00Z,5,0.26,7.75,0.44,39,4.14
2023-11-08T23:23:00Z,5,0.2,8.53,0.33,36,4.77
2023-11-09T00:23:00Z,5,0.26,4.41,0.43,37,3.33
2023-11-09T01:23:00Z,5,0.22,8.25,0.37,37,3.62
2023-11-09T02:23:00Z,5,0.22,15.05,0.4,46,3.73
2023-11-09T03:23:00Z,4,0.29,2.3,0.49,35,2.78
2023-11-09T04:23:00Z,5,0.3,2.41,0.54,38,2.86
2023-11-09T05:23:00Z,4,0.31,2.37,0.53,36,2.91
2023-11-09T06:23:00Z,5,0.38,2.66,0.6,36,2.67
2023-11-09T07:23:00Z,5,0.58,2.69,0.95,37,2.83
2023-11-09T08:23:00Z,5,0.53,2.72,0.93,36,2.79
2023-11-09T09:23:00Z,5,0.33,2.48,0.59,34,2.67
2023-11-09T11:23:00Z,4,0.17,9.84,0.3,40,3.38
2023-11-09T12:23:00Z,8,0.18,16,0.31,41,4.41
2023-11-09T13:23:00Z,10,0.22,16,0.43,37,4.66
2023-11-09T14:23:00Z,12,0.23,11.13,0.43,42,2.84
2023-11-09T15:23:00Z,11,0.24,2.11,0.45,36,2.68
2023-11-09T16:23:00Z,12,0.28,2.15,0.48,36,2.57
2023-11-09T17:23:00Z,13,0.31,2.39,0.5,35,2.5
2023-11-09T18:23:00Z,11,0.19,2.18,0.34,36,2.73
2023-11-09T19:23:00Z,10,0.19,15.05,0.33,42,4.01
2023-11-09T20:23:00Z,9,0.17,14.22,0.28,39,4.32
2023-11-09T21:23:00Z,9,0.14,16,0.27,45,3.92
2023-11-09T22:23:00Z,9,0.14,16,0.24,44,4.67
2023-11-09T23:23:00Z,8,0.18,15.05,0.33,41,4.27
2023-11-10T00:23:00Z,8,0.14,17.06,0.23,42,5.37
2023-11-10T01:23:00Z,8,0.15,16,0.24,41,4.95
2023-11-10T02:23:00Z,7,0.17,17.06,0.27,41,5
2023-11-10T03:23:00Z,7,0.19,17.06,0.35,41,5.66
2023-11-10T04:23:00Z,7,0.16,17.06,0.28,42,5.34
2023-11-10T05:23:00Z,7,0.15,14.22,0.25,43,4.98
2023-11-10T06:23:00Z,6,0.14,8,0.27,39,5.18
2023-11-10T07:23:00Z,6,0.16,8.82,0.27,36,5.04
2023-11-10T08:23:00Z,5,0.15,14.22,0.27,39,6.01
2023-11-10T09:23:00Z,5,0.16,18.28,0.28,43,5.01
2023-11-10T10:23:00Z,6,0.14,17.06,0.23,38,4.92
2023-11-10T11:23:00Z,7,0.23,3.6,0.39,40,4.03
2023-11-10T12:23:00Z,10,0.15,9.48,0.23,35,4.43
2023-11-10T13:23:00Z,13,0.15,15.05,0.25,39,4.82
2023-11-10T14:23:00Z,14,0.15,15.05,0.26,38,5.05
2023-11-10T15:23:00Z,13,0.14,8.82,0.25,35,4.93
2023-11-10T16:23:00Z,18,0.18,15.05,0.32,41,4.65
2023-11-10T17:23:00Z,17,0.16,16,0.34,37,4.29
2023-11-10T18:23:00Z,13,0.16,15.05,0.25,43,4.87
2023-11-10T19:23:00Z,13,0.21,18.28,0.32,40,4.31
2023-11-10T20:23:00Z,11,0.18,16,0.31,43,3.57
2023-11-10T21:23:00Z,9,0.18,16,0.35,44,4.2
2023-11-10T22:23:00Z,8,0.18,17.06,0.34,42,4.9
2023-11-10T23:23:00Z,8,0.19,17.06,0.32,41,4.26
2023-11-11T00:23:00Z,8,0.16,15.05,0.25,44,4.99
2023-11-11T01:23:00Z,8,0.14,17.06,0.23,38,5.08
2023-11-11T02:23:00Z,8,0.19,15.05,0.3,44,5.74
2023-11-11T03:23:00Z,7,0.12,8.25,0.2,36,5.1
2023-11-11T04:23:00Z,7,0.14,8.82,0.25,35,5.26
2023-11-11T05:23:00Z,7,0.17,7.52,0.28,36,5.39
2023-11-11T06:23:00Z,8,0.17,7.52,0.29,35,6.04
2023-11-11T07:23:00Z,7,0.19,8.25,0.33,36,5.65
2023-11-11T08:23:00Z,7,0.19,9.14,0.32,36,5.61
2023-11-11T09:23:00Z,7,0.19,8.25,0.31,38,5.54
2023-11-11T10:23:00Z,7,0.17,8.25,0.28,35,5.61
2023-11-11T11:23:00Z,7,0.19,8,0.29,36,4.5
2023-11-11T12:23:00Z,10,0.15,8.53,0.3,37,5.32
2023-11-11T13:23:00Z,9,0.24,7.75,0.44,34,3.74
2023-11-11T14:23:00Z,10,0.2,15.05,0.33,42,5.33
2023-11-11T15:23:00Z,11,0.17,16,0.27,40,5.36
2023-11-11T16:23:00Z,11,0.18,17.06,0.32,42,5.48
2023-11-11T17:23:00Z,10,0.2,13.47,0.39,44,4.42
2023-11-11T18:23:00Z,10,0.19,17.06,0.3,40,4.73
2023-11-11T19:23:00Z,11,0.16,8.25,0.27,37,4.47
2023-11-11T20:23:00Z,9,0.25,3.41,0.45,35,3.81
2023-11-11T21:23:00Z,7,0.21,8.25,0.36,35,3.61
2023-11-11T23:23:00Z,7,0.34,2.37,0.57,35,2.65
2023-11-12T00:23:00Z,6,0.26,2.16,0.45,37,2.7
2023-11-12T01:23:00Z,6,0.18,8.82,0.32,41,3.77
2023-11-12T02:23:00Z,6,0.27,16,0.5,43,4.07
2023-11-12T03:23:00Z,5,0.17,16,0.26,40,5.38
2023-11-12T04:23:00Z,5,0.15,14.22,0.25,39,5.53
2023-11-12T05:23:00Z,5,0.15,13.47,0.25,38,5.21
2023-11-12T06:23:00Z,5,0.15,15.05,0.24,45,5
2023-11-12T07:23:00Z,5,0.15,13.47,0.25,42,5.08
2023-11-12T08:23:00Z,5,0.15,16,0.25,41,4.06
2023-11-12T09:23:00Z,5,0.16,4.74,0.27,39,3.93
2023-11-12T10:23:00Z,4,0.2,3.82,0.35,34,3.41
2023-11-12T11:23:00Z,5,0.13,17.06,0.22,40,4.39
2023-11-12T12:23:00Z,5,0.12,12.8,0.21,39,4.79
2023-11-12T13:23:00Z,9,0.19,3.93,0.31,33,4.93
2023-11-12T14:23:00Z,12,0.21,15.05,0.32,42,4.74
2023-11-12T15:23:00Z,12,0.22,17.06,0.37,45,3.46
2023-11-12T16:23:00Z,10,0.14,13.47,0.24,43,4.65
2023-11-12T17:23:00Z,12,0.16,10.66,0.29,40,4.38
2023-11-12T18:23:00Z,13,0.14,13.47,0.25,40,4.24
2023-11-12T19:23:00Z,10,0.16,17.06,0.28,44,4.65
2023-11-12T20:23:00Z,10,0.13,15.05,0.25,38,3.65
2023-11-12T21:23:00Z,7,0.19,18.28,0.34,42,4.23
2023-11-12T22:23:00Z,6,0.17,16,0.31,43,5.02
2023-11-12T23:23:00Z,6,0.14,16,0.24,39,4.11
2023-11-13T00:23:00Z,5,0.12,15.05,0.21,45,4.89
2023-11-13T01:23:00Z,5,0.16,16,0.29,41,5.62
2023-11-13T02:23:00Z,5,0.26,14.22,0.46,43,4.13
2023-11-13T03:23:00Z,5,0,16,0,33,11.26
2023-11-13T04:23:00Z,4,0.15,16,0.26,41,5.07
2023-11-13T05:23:00Z,4,0.13,13.47,0.21,40,5.39
2023-11-13T06:23:00Z,4,0.12,17.06,0.21,42,5.22
2023-11-13T07:23:00Z,4,0.12,15.05,0.2,44,4.86
2023-11-13T08:23:00Z,3,0.12,15.05,0.21,43,5.48
2023-11-13T09:23:00Z,3,0.2,13.47,0.33,41,4.05
2023-11-13T10:23:00Z,3,0.11,17.06,0.18,42,4.87
2023-11-13T11:23:00Z,2,0.14,12.19,0.22,41,5.39
2023-11-13T12:23:00Z,5,0.13,13.47,0.23,41,4.74
2023-11-13T13:23:00Z,9,0.23,11.63,0.4,45,3.57
2023-11-13T14:23:00Z,9,0.3,14.22,0.55,38,3.61
2023-11-13T15:23:00Z,10,0.18,15.05,0.28,43,5.52
2023-11-13T16:23:00Z,13,0.12,12.8,0.2,37,5.39
